時間,商品,方向,事件,價格,R值,備註
2026-07-12 00:41:51,AAPL,做空,出場（停損）,313.39,-1.0,進場價 $312.76
2026-07-12 00:41:51,MSFT,做空,出場（停利）,382.58,2.0,進場價 $384.49
2026-07-12 00:41:51,NVDA,做多,出場（停利）,208.94,2.0,進場價 $207.78
2026-07-12 00:41:52,GOOGL,做空,出場（停利）,353.21,2.0,進場價 $354.29
2026-07-12 00:41:52,INTC,做多,出場（停損）,110.21,-1.0,進場價 $110.62
2026-07-12 00:41:52,JNJ,做空,進場,256.87,,停損 $257.78 / 停利 $255.05
2026-07-12 00:41:52,KO,做多,出場（停利）,83.61,2.0,進場價 $83.40
2026-07-12 00:41:52,DIS,做空,出場（停損）,96.24,-1.0,進場價 $95.94
2026-07-11 16:46:10,AAPL,做空,出場（停損）,313.39,-1.0,進場價 $312.76
2026-07-11 16:46:10,MSFT,做空,出場（停利）,382.58,2.0,進場價 $384.49
2026-07-11 16:46:10,NVDA,做多,出場（停利）,208.94,2.0,進場價 $207.78
2026-07-11 16:46:10,GOOGL,做空,出場（停利）,353.21,2.0,進場價 $354.29
2026-07-11 16:46:11,INTC,做多,出場（停損）,110.21,-1.0,進場價 $110.62
2026-07-11 16:46:11,JNJ,做空,進場,256.87,,停損 $257.78 / 停利 $255.05
2026-07-11 16:46:11,KO,做多,出場（停利）,83.61,2.0,進場價 $83.40
2026-07-11 16:46:12,DIS,做空,出場（停損）,96.24,-1.0,進場價 $95.94
2026-07-13 15:40:36,MSFT,做空,出場（停損）,385.72,-1.0,進場價 $384.57
2026-07-13 15:40:37,META,做空,出場（停損）,658.40,-1.0,進場價 $657.00
2026-07-13 15:40:38,PYPL,做空,出場（停損）,46.49,-1.0,進場價 $46.37
2026-07-13 15:40:38,DIS,做多,出場（停利）,97.49,2.0,進場價 $97.23
2026-07-13 17:36:05,AAPL,做空,進場,316.29,,停損 $316.80 / 停利 $315.27
2026-07-13 17:36:06,MSFT,做多,出場（停利）,392.68,2.0,進場價 $391.33
2026-07-13 17:36:06,NVDA,做空,出場（停利）,205.97,2.0,進場價 $206.75
2026-07-13 17:36:06,TSLA,做空,出場（停損）,394.18,-1.0,進場價 $393.67
2026-07-13 17:36:07,INTC,做空,出場（停損）,103.42,-1.0,進場價 $103.05
2026-07-13 17:36:08,PYPL,做多,出場（停利）,47.95,2.0,進場價 $47.63
2026-07-13 19:02:18,AAPL,做空,出場（停損）,316.80,-1.0,進場價 $316.29
2026-07-13 20:21:53,GOOGL,做空,出場（停利）,352.35,2.0,進場價 $353.55
2026-07-14 14:45:48,MSFT,做多,進場,386.13,,停損 $385.22 / 停利 $387.95
2026-07-14 14:45:50,GOOGL,做多,出場（停利）,357.25,2.0,進場價 $356.13
2026-07-14 14:45:51,JNJ,做空,進場,253.62,,停損 $254.04 / 停利 $252.77
2026-07-14 14:45:53,BA,做多,出場（停利）,219.55,2.0,進場價 $218.71
2026-07-14 16:04:32,AAPL,做多,出場（停損）,315.41,-1.0,進場價 $315.86
2026-07-14 16:04:32,MSFT,做多,出場（停損）,385.22,-1.0,進場價 $386.13
2026-07-14 16:04:33,NVDA,做多,出場（停損）,208.51,-1.0,進場價 $209.10
2026-07-14 16:04:34,INTC,做空,出場（停損）,106.19,-1.0,進場價 $105.85
2026-07-14 16:04:35,XOM,做空,出場（停損）,144.68,-1.0,進場價 $143.96
2026-07-14 16:04:35,JNJ,做空,出場（停利）,252.77,2.0,進場價 $253.62
2026-07-14 16:04:36,KO,做空,進場,83.89,,停損 $84.07 / 停利 $83.54
2026-07-14 17:24:36,META,做多,出場（停損）,662.22,-1.0,進場價 $663.65
2026-07-14 17:24:38,KO,做空,出場（停利）,83.54,2.0,進場價 $83.89
2026-07-14 18:36:14,INTC,做多,進場,108.59,,停損 $108.28 / 停利 $109.21
2026-07-14 19:53:48,INTC,做多,出場（停損）,108.28,-1.0,進場價 $108.59
2026-07-15 14:44:59,AAPL,做多,出場（停利）,325.43,2.0,進場價 $323.65
2026-07-15 14:45:00,NVDA,做空,進場,209.95,,停損 $211.65 / 停利 $206.55
2026-07-15 14:45:00,TSLA,做空,出場（停損）,397.39,-1.0,進場價 $394.19
2026-07-15 14:45:00,AMZN,做多,出場（停利）,253.99,2.0,進場價 $253.42
2026-07-15 14:45:00,XOM,做空,進場,143.63,,停損 $144.04 / 停利 $142.80
2026-07-15 14:45:01,PYPL,做多,出場（停利）,55.20,2.0,進場價 $55.01
2026-07-15 14:45:01,DIS,做多,出場（停利）,97.55,2.0,進場價 $97.23
2026-07-15 16:10:07,XOM,做空,出場（停利）,142.80,2.0,進場價 $143.63
2026-07-15 17:37:47,NVDA,做空,出場（停利）,206.55,2.0,進場價 $209.95
2026-07-15 19:53:03,JNJ,做空,進場,246.71,,停損 $247.99 / 停利 $244.16
2026-07-16 14:56:51,NVDA,做空,進場,206.35,,停損 $206.57 / 停利 $205.91
2026-07-16 14:56:51,TSLA,做多,進場,394.61,,停損 $391.06 / 停利 $401.70
2026-07-16 14:56:52,PYPL,做多,進場,56.51,,停損 $56.14 / 停利 $57.25
2026-07-16 16:16:55,MSFT,做多,出場（停損）,398.53,-1.0,進場價 $398.93
2026-07-16 16:16:56,TSLA,做多,出場（停損）,391.06,-1.0,進場價 $394.61
2026-07-16 16:16:56,INTC,做空,進場,97.79,,停損 $98.36 / 停利 $96.65
2026-07-16 16:16:56,XOM,做多,出場（停損）,146.34,-1.0,進場價 $146.50
2026-07-16 17:42:33,INTC,做空,出場（停損）,98.36,-1.0,進場價 $97.79
2026-07-16 17:42:35,PYPL,做多,出場（停損）,56.14,-1.0,進場價 $56.51
2026-07-16 18:48:08,KO,做多,進場,84.79,,停損 $84.69 / 停利 $84.98
2026-07-16 19:50:45,META,做空,出場（停利）,662.94,2.0,進場價 $664.28
2026-07-16 19:50:46,KO,做多,出場（停損）,84.69,-1.0,進場價 $84.79
2026-07-17 14:29:26,QQQ,做多,進場,696.57,,停損 $694.37 / 停利 $700.97
2026-07-17 14:29:27,AAPL,做空,出場（停損）,330.58,-1.0,進場價 $329.68
2026-07-17 14:29:28,META,做空,出場（停損）,637.41,-1.0,進場價 $636.35
2026-07-17 14:29:30,BA,做多,進場,216.65,,停損 $215.37 / 停利 $219.21
2026-07-17 15:58:56,QQQ,做多,出場（停損）,694.37,-1.0,進場價 $696.57
2026-07-17 15:58:56,NVDA,做多,出場（停損）,202.90,-1.0,進場價 $203.58
2026-07-17 15:58:57,INTC,做多,出場（停損）,93.79,-1.0,進場價 $94.97
2026-07-17 15:58:58,XOM,做空,出場（停損）,148.00,-1.0,進場價 $147.37
2026-07-17 15:58:59,DIS,做空,出場（停損）,98.41,-1.0,進場價 $98.14
2026-07-17 15:58:59,BA,做多,出場（停損）,215.37,-1.0,進場價 $216.65
2026-07-17 17:17:09,TSLA,做多,出場（停損）,382.98,-1.0,進場價 $383.96
2026-07-17 17:17:10,META,做多,出場（停損）,649.61,-1.0,進場價 $651.60
2026-07-17 17:17:11,PYPL,做多,出場（停利）,56.94,2.0,進場價 $56.51
2026-07-17 18:17:58,JNJ,做空,出場（停損）,252.44,-1.0,進場價 $252.10
2026-07-20 15:07:40,QQQ,做空,出場（停損）,701.27,-1.0,進場價 $700.22
2026-07-20 15:07:40,AAPL,做空,進場,327.17,,停損 $328.40 / 停利 $324.71
2026-07-20 15:07:40,MSFT,做多,進場,394.45,,停損 $393.18 / 停利 $396.99
2026-07-20 15:07:40,TSLA,做空,出場（停利）,373.49,2.0,進場價 $374.87
2026-07-20 15:07:41,META,做多,進場,646.68,,停損 $645.78 / 停利 $648.48
2026-07-20 15:07:41,INTC,做空,出場（停損）,97.69,-1.0,進場價 $97.29
2026-07-20 15:07:41,XOM,做多,進場,147.99,,停損 $147.55 / 停利 $148.88
2026-07-20 15:07:42,JNJ,做空,出場（停損）,251.26,-1.0,進場價 $250.54
2026-07-20 15:07:42,PYPL,做多,進場,56.94,,停損 $56.72 / 停利 $57.37
2026-07-20 15:07:43,BA,做空,進場,208.99,,停損 $209.72 / 停利 $207.52
2026-07-20 16:42:31,AAPL,做空,出場（停利）,324.71,2.0,進場價 $327.17
2026-07-20 16:42:32,MSFT,做多,出場（停利）,396.99,2.0,進場價 $394.45
2026-07-20 16:42:33,AMZN,做多,出場（停利）,252.77,2.0,進場價 $250.91
2026-07-20 16:42:34,META,做多,出場（停利）,650.04,2.0,進場價 $647.20
2026-07-20 16:42:38,BA,做空,出場（停損）,209.72,-1.0,進場價 $208.99
2026-07-20 18:33:19,XOM,做多,出場（停利）,148.88,2.0,進場價 $147.99
2026-07-20 18:33:20,PYPL,做多,出場（停損）,56.72,-1.0,進場價 $56.95
2026-07-21 15:00:53,NVDA,做空,出場（停損）,205.06,-1.0,進場價 $204.20
2026-07-21 15:00:54,TSLA,做多,出場（停利）,382.28,2.0,進場價 $379.62
2026-07-21 15:00:55,INTC,做空,出場（停損）,102.24,-1.0,進場價 $101.57
2026-07-21 15:00:59,BA,做多,出場（停損）,209.74,-1.0,進場價 $210.47
2026-07-21 19:22:39,BA,做空,出場（停利）,206.59,2.0,進場價 $207.14
2026-07-22 15:01:05,AAPL,做空,出場（停利）,324.38,2.0,進場價 $325.50
2026-07-22 15:01:07,AMZN,做空,出場（停損）,244.17,-1.0,進場價 $243.92
2026-07-22 15:01:09,XOM,做多,進場,154.61,,停損 $154.38 / 停利 $155.07
2026-07-22 15:01:09,JNJ,做多,進場,254.12,,停損 $253.36 / 停利 $255.64
2026-07-22 15:01:10,PYPL,做空,進場,55.47,,停損 $55.66 / 停利 $55.11
2026-07-22 16:38:27,XOM,做多,出場（停損）,154.38,-1.0,進場價 $154.61
2026-07-22 16:38:27,JNJ,做多,出場（停利）,255.64,2.0,進場價 $254.12
2026-07-22 16:38:27,KO,做空,出場（停利）,81.99,2.0,進場價 $82.17
2026-07-22 16:38:27,PYPL,做空,出場（停損）,55.66,-1.0,進場價 $55.47
2026-07-22 16:38:28,BA,做多,進場,207.98,,停損 $207.47 / 停利 $209.00
2026-07-22 17:53:28,BA,做多,出場（停利）,209.06,2.0,進場價 $207.98
2026-07-22 18:52:36,TSLA,做空,出場（停損）,375.76,-1.0,進場價 $375.31
2026-07-22 20:04:28,GOOGL,做空,出場（停損）,346.18,-1.0,進場價 $345.76
2026-07-23 15:04:36,QQQ,做空,進場,692.53,,停損 $693.53 / 停利 $690.53
2026-07-23 15:04:37,MSFT,做空,出場（停利）,380.55,2.0,進場價 $384.21
2026-07-23 15:04:37,NVDA,做空,出場（停損）,208.80,-1.0,進場價 $207.73
2026-07-23 15:04:37,TSLA,做空,進場,324.11,,停損 $326.16 / 停利 $320.01
2026-07-23 15:04:38,AMZN,做空,出場（停利）,233.85,2.0,進場價 $234.71
2026-07-23 15:04:38,GOOGL,做空,出場（停損）,318.78,-1.0,進場價 $317.95
2026-07-23 15:04:38,META,做空,出場（停利）,601.35,2.0,進場價 $605.31
2026-07-23 15:04:39,XOM,做多,出場（停損）,157.52,-1.0,進場價 $158.10
2026-07-23 15:04:40,PYPL,做多,進場,55.64,,停損 $55.46 / 停利 $56.01
2026-07-23 15:04:40,DIS,做空,出場（停利）,93.24,2.0,進場價 $93.48
2026-07-23 16:42:12,QQQ,做空,出場（停利）,690.53,2.0,進場價 $692.53
2026-07-23 16:42:14,TSLA,做空,出場（停利）,320.01,2.0,進場價 $324.11
2026-07-23 16:42:17,JNJ,做多,出場（停利）,259.52,2.0,進場價 $258.80
2026-07-23 18:01:09,INTC,做空,進場,99.67,,停損 $99.91 / 停利 $99.19
2026-07-23 19:39:10,INTC,做空,出場（停損）,99.91,-1.0,進場價 $99.67
2026-07-23 20:41:20,PYPL,做多,出場（停利）,56.01,2.0,進場價 $55.64
2026-07-24 14:51:27,QQQ,做空,出場（停損）,685.71,-1.0,進場價 $684.21
2026-07-24 14:51:29,TSLA,做空,出場（停利）,309.85,2.0,進場價 $312.55
2026-07-24 14:51:29,AMZN,做空,出場（停損）,232.13,-1.0,進場價 $231.85
2026-07-24 14:51:30,XOM,做多,出場（停利）,158.51,2.0,進場價 $157.79
2026-07-24 14:51:31,KO,做多,出場（停利）,81.91,2.0,進場價 $81.74
2026-07-24 14:51:31,DIS,做多,進場,94.94,,停損 $94.78 / 停利 $95.26
2026-07-24 17:50:49,META,做空,出場（停損）,601.91,-1.0,進場價 $600.56
2026-07-24 17:50:49,INTC,做空,出場（停利）,95.16,2.0,進場價 $95.53
2026-07-24 17:50:50,JNJ,做多,出場（停損）,262.36,-1.0,進場價 $262.80
2026-07-24 17:50:51,DIS,做多,出場（停利）,95.26,2.0,進場價 $94.94
2026-07-24 17:50:51,BA,做多,出場（停損）,210.91,-1.0,進場價 $211.50
2026-07-24 20:38:48,NVDA,做空,出場（停損）,205.43,-1.0,進場價 $205.10
2026-07-27 15:39:20,AAPL,做多,出場（停損）,337.12,-1.0,進場價 $337.73
2026-07-27 15:39:21,MSFT,做多,出場（停損）,390.85,-1.0,進場價 $392.46
2026-07-27 15:39:21,NVDA,做空,出場（停利）,199.89,2.0,進場價 $201.02
2026-07-27 15:39:21,TSLA,做空,出場（停利）,307.29,2.0,進場價 $308.76
2026-07-27 15:39:21,AMZN,做空,出場（停損）,233.38,-1.0,進場價 $233.12
2026-07-27 15:39:21,GOOGL,做多,出場（停損）,328.60,-1.0,進場價 $329.70
2026-07-27 15:39:21,INTC,做空,出場（停利）,88.90,2.0,進場價 $90.24
2026-07-27 15:39:22,JNJ,做多,進場,267.14,,停損 $266.07 / 停利 $269.28
2026-07-27 15:39:22,KO,做多,出場（停利）,83.70,2.0,進場價 $83.43
2026-07-27 15:39:22,PYPL,做多,出場（停損）,56.44,-1.0,進場價 $56.53
2026-07-27 15:39:22,DIS,做多,出場（停損）,96.92,-1.0,進場價 $97.04
2026-07-27 15:39:23,BA,做空,進場,211.84,,停損 $212.68 / 停利 $210.16
2026-07-27 17:21:34,META,做空,出場（停損）,599.32,-1.0,進場價 $597.96
2026-07-27 17:21:34,XOM,做多,出場（停損）,154.91,-1.0,進場價 $155.09
2026-07-27 17:21:36,BA,做空,出場（停損）,212.68,-1.0,進場價 $211.94
2026-07-27 18:51:41,GOOGL,做空,出場（停損）,325.98,-1.0,進場價 $324.92
2026-07-27 20:12:01,JNJ,做多,出場（停損）,266.07,-1.0,進場價 $267.14
2026-07-27 21:29:51,GOOGL,做空,出場（停損）,325.98,-1.0,進場價 $324.92
2026-07-28 15:16:50,QQQ,做空,出場（停損）,669.08,-1.0,進場價 $668.14
2026-07-28 15:16:50,AAPL,做空,出場（停損）,337.56,-1.0,進場價 $336.64
2026-07-28 15:16:51,NVDA,做多,出場（停利）,197.06,2.0,進場價 $196.02
2026-07-28 15:16:51,TSLA,做空,出場（停損）,303.26,-1.0,進場價 $301.43
2026-07-28 15:16:51,AMZN,做空,出場（停損）,228.99,-1.0,進場價 $228.29
2026-07-28 15:16:51,GOOGL,做多,進場,331.05,,停損 $330.30 / 停利 $332.55
2026-07-28 15:16:51,META,做空,進場,590.64,,停損 $592.99 / 停利 $585.94
2026-07-28 15:16:52,INTC,做空,出場（停損）,84.33,-1.0,進場價 $83.91
2026-07-28 15:16:52,XOM,做多,出場（停損）,155.42,-1.0,進場價 $155.92
2026-07-28 15:16:53,KO,做多,出場（停損）,89.78,-1.0,進場價 $90.00
2026-07-28 15:16:53,PYPL,做多,出場（停利）,58.65,2.0,進場價 $58.38
2026-07-28 15:16:53,DIS,做多,出場（停損）,98.41,-1.0,進場價 $98.63
2026-07-28 15:16:53,BA,做多,出場（停損）,219.21,-1.0,進場價 $221.40
2026-07-28 16:53:00,QQQ,做多,出場（停損）,677.22,-1.0,進場價 $678.23
2026-07-28 16:53:02,TSLA,做多,出場（停損）,306.91,-1.0,進場價 $308.48
2026-07-28 16:53:03,META,做空,出場（停損）,592.99,-1.0,進場價 $590.64
2026-07-28 16:53:04,XOM,做空,出場（停利）,153.22,2.0,進場價 $153.74
2026-07-29 15:06:50,MSFT,做多,進場,394.87,,停損 $394.13 / 停利 $396.35
2026-07-29 15:06:50,NVDA,做空,出場（停損）,192.42,-1.0,進場價 $192.12
2026-07-29 15:06:50,TSLA,做空,進場,303.43,,停損 $304.50 / 停利 $301.30
2026-07-29 15:06:50,AMZN,做空,出場（停損）,227.94,-1.0,進場價 $227.61
2026-07-29 15:06:51,INTC,做空,出場（停損）,84.49,-1.0,進場價 $83.62
2026-07-29 15:06:51,JNJ,做空,進場,266.21,,停損 $266.66 / 停利 $265.32
2026-07-29 15:06:52,BA,做空,出場（停利）,211.26,2.0,進場價 $212.06
2026-07-29 16:37:43,MSFT,做多,出場（停損）,394.13,-1.0,進場價 $394.87
2026-07-29 16:37:43,TSLA,做空,出場（停利）,301.30,2.0,進場價 $303.43
2026-07-29 16:37:44,JNJ,做空,出場（停損）,266.66,-1.0,進場價 $266.21
2026-07-29 17:52:48,AMZN,做多,出場（停損）,230.17,-1.0,進場價 $230.76
2026-07-29 17:52:48,GOOGL,做多,出場（停損）,335.97,-1.0,進場價 $336.71
2026-07-29 18:51:58,XOM,做空,出場（停損）,156.54,-1.0,進場價 $156.25
2026-07-29 18:51:59,PYPL,做多,進場,59.23,,停損 $59.02 / 停利 $59.66
2026-07-29 20:04:46,QQQ,做多,出場（停損）,677.65,-1.0,進場價 $679.67
2026-07-29 20:04:47,AAPL,做空,進場,338.07,,停損 $339.34 / 停利 $335.53
2026-07-29 20:04:48,PYPL,做多,出場（停損）,59.02,-1.0,進場價 $59.23
2026-07-30 15:07:27,QQQ,做多,出場（停損）,680.31,-1.0,進場價 $681.77
2026-07-30 15:07:28,NVDA,做多,出場（停損）,194.92,-1.0,進場價 $195.78
2026-07-30 15:07:29,AMZN,做多,進場,238.10,,停損 $236.51 / 停利 $241.27
2026-07-30 15:07:30,INTC,做多,出場（停利）,94.01,2.0,進場價 $91.67
2026-07-30 15:07:31,JNJ,做空,出場（停利）,254.66,2.0,進場價 $255.85
2026-07-30 15:07:32,PYPL,做空,進場,57.11,,停損 $57.37 / 停利 $56.59
2026-07-30 15:07:32,DIS,做空,出場（停利）,94.89,2.0,進場價 $95.33
2026-07-30 15:07:33,BA,做多,出場（停利）,220.45,2.0,進場價 $219.70
2026-07-30 16:45:21,MSFT,做多,進場,453.95,,停損 $451.74 / 停利 $458.35
2026-07-30 16:45:21,AMZN,做多,出場（停損）,236.51,-1.0,進場價 $238.10
2026-07-30 18:04:09,KO,做多,進場,88.43,,停損 $88.24 / 停利 $88.83
2026-07-30 18:04:09,PYPL,做空,出場（停損）,57.37,-1.0,進場價 $57.11
2026-07-30 19:46:31,MSFT,做多,出場（停利）,458.35,2.0,進場價 $453.95
2026-07-30 20:48:53,META,做多,進場,539.06,,停損 $537.03 / 停利 $543.12
2026-07-30 20:48:53,KO,做多,出場（停損）,88.24,-1.0,進場價 $88.45
2026-07-31 15:15:56,QQQ,做空,出場（停損）,684.68,-1.0,進場價 $681.77
2026-07-31 15:15:57,NVDA,做空,出場（停損）,196.96,-1.0,進場價 $195.71
2026-07-31 15:15:57,TSLA,做空,出場（停損）,304.89,-1.0,進場價 $303.46
2026-07-31 15:15:57,GOOGL,做多,出場（停損）,345.13,-1.0,進場價 $346.24
2026-07-31 15:15:58,INTC,做空,出場（停損）,93.36,-1.0,進場價 $92.62
2026-07-31 15:15:58,JNJ,做多,出場（停利）,257.57,2.0,進場價 $256.55
2026-07-31 15:15:59,DIS,做空,出場（停損）,96.03,-1.0,進場價 $95.65
2026-07-31 15:15:59,BA,做空,出場（停利）,212.59,2.0,進場價 $214.49
2026-07-31 16:58:52,MSFT,做多,出場（停損）,462.32,-1.0,進場價 $463.19
