日期,商品,來源,收盤價,持倉狀態,進場價,浮動報酬,建議
2026-07-11,BTC-USD,追蹤清單,64137.57,空手,,,空手觀望，尚未出現買進訊號（均線還沒黃金交叉）
2026-07-11,BTC-USD,追蹤清單,64374.87,空手,,,空手觀望，尚未出現買進訊號（均線還沒黃金交叉）
2026-07-11,BTC-USD,追蹤清單,64330.58,空手,,,空手觀望，尚未出現買進訊號
2026-07-11,ETH-USD,追蹤清單,1811.28,空手,,,空手觀望，尚未出現買進訊號
2026-07-10,QQQ,追蹤清單,725.51,持倉中,,,買進訊號！建議投入資金比例約 31%
2026-07-11,BTC-USD,追蹤清單,64331.09,空手,,,空手觀望，尚未出現買進訊號
2026-07-11,ETH-USD,追蹤清單,1811.21,空手,,,空手觀望，尚未出現買進訊號
2026-07-10,QQQ,追蹤清單,725.51,持倉中,,,續抱。浮動損益 0.00%，目前停損價位約 $678.24
2026-07-10,AAPL,追蹤清單,315.32,持倉中,,,買進訊號！建議投入資金比例約 23%
2026-07-10,MSFT,追蹤清單,385.1,空手,,,空手觀望，尚未出現買進訊號
2026-07-10,XOM,追蹤清單,138.88,空手,,,空手觀望，尚未出現買進訊號
2026-07-10,PYPL,追蹤清單,46.32,空手,,,空手觀望，尚未出現買進訊號
2026-07-10,INTC,追蹤清單,109.84,持倉中,,,買進訊號！建議投入資金比例約 7%
2026-07-11,BTC-USD,追蹤清單,64333.35,空手,,,空手觀望，尚未出現買進訊號
2026-07-11,ETH-USD,追蹤清單,1812.7,空手,,,空手觀望，尚未出現買進訊號
2026-07-10,QQQ,追蹤清單,725.51,持倉中,725.51,0.0,續抱。浮動損益 0.00%，目前停損價位約 $678.24
2026-07-10,AAPL,追蹤清單,315.32,持倉中,315.32,0.0,續抱。浮動損益 0.00%，目前停損價位約 $288.48
2026-07-10,MSFT,追蹤清單,385.1,空手,,,空手觀望，尚未出現買進訊號
2026-07-10,XOM,追蹤清單,138.88,空手,,,空手觀望，尚未出現買進訊號
2026-07-10,PYPL,追蹤清單,46.32,空手,,,空手觀望，尚未出現買進訊號
2026-07-10,INTC,追蹤清單,109.84,持倉中,109.84,0.0,續抱。浮動損益 0.00%，目前停損價位約 $79.86
2026-07-11,BTC-USD,追蹤清單,64334.99,空手,,,空手觀望，尚未出現買進訊號
2026-07-11,ETH-USD,追蹤清單,1812.88,空手,,,空手觀望，尚未出現買進訊號
2026-07-10,QQQ,追蹤清單,725.51,持倉中,725.51,0.0,續抱。浮動損益 0.00%，目前停損價位約 $678.24
2026-07-10,AAPL,追蹤清單,315.32,持倉中,315.32,0.0,續抱。浮動損益 0.00%，目前停損價位約 $288.48
2026-07-10,MSFT,追蹤清單,385.1,空手,,,空手觀望，尚未出現買進訊號
2026-07-10,XOM,追蹤清單,138.88,空手,,,空手觀望，尚未出現買進訊號
2026-07-10,PYPL,追蹤清單,46.32,空手,,,空手觀望，尚未出現買進訊號
2026-07-10,INTC,追蹤清單,109.84,持倉中,109.84,0.0,續抱。浮動損益 0.00%，目前停損價位約 $79.86
2026-07-11,BTC-USD,追蹤清單,64409.05,空手,,,空手觀望，尚未出現買進訊號
2026-07-11,ETH-USD,追蹤清單,1818.54,空手,,,空手觀望，尚未出現買進訊號
2026-07-10,QQQ,追蹤清單,725.51,持倉中,725.51,0.0000,續抱。浮動損益 0.00%，目前停損價位約 $678.24
2026-07-10,AAPL,追蹤清單,315.32,持倉中,315.32,0.0000,續抱。浮動損益 0.00%，目前停損價位約 $288.48
2026-07-10,MSFT,追蹤清單,385.10,空手,,,空手觀望，尚未出現買進訊號
2026-07-10,XOM,追蹤清單,138.88,空手,,,空手觀望，尚未出現買進訊號
2026-07-10,PYPL,追蹤清單,46.32,空手,,,空手觀望，尚未出現買進訊號
2026-07-10,INTC,追蹤清單,109.84,持倉中,109.84,0.0000,續抱。浮動損益 0.00%，目前停損價位約 $79.86
2026-07-10,NVDA,今日熱門,210.96,空手,,,空手觀望，尚未出現買進訊號
2026-07-10,NU,今日熱門,13.76,空手,,,空手觀望，尚未出現買進訊號
2026-07-10,SOFI,今日熱門,18.78,持倉中,18.78,0.0000,買進訊號！建議投入資金比例約 13%
2026-07-10,AAL,今日熱門,16.95,持倉中,16.95,0.0000,買進訊號！建議投入資金比例約 15%
2026-07-10,PATH,今日熱門,11.68,持倉中,11.68,0.0000,買進訊號！建議投入資金比例約 12%
2026-07-10,FRMI,今日熱門,6.59,持倉中,6.59,0.0000,買進訊號！建議投入資金比例約 5%
2026-07-10,OPEN,今日熱門,4.76,空手,,,空手觀望，尚未出現買進訊號
2026-07-10,ONDS,今日熱門,7.26,空手,,,空手觀望，尚未出現買進訊號
2026-07-10,PLUG,今日熱門,2.23,空手,,,空手觀望，尚未出現買進訊號
2026-07-10,NOK,今日熱門,12.44,持倉中,12.44,0.0000,買進訊號！建議投入資金比例約 10%
2026-07-10,T,今日熱門,21.13,空手,,,空手觀望，尚未出現買進訊號
2026-07-10,MARA,今日熱門,12.60,持倉中,12.60,0.0000,買進訊號！建議投入資金比例約 6%
2026-07-10,F,今日熱門,14.00,持倉中,14.00,0.0000,買進訊號！建議投入資金比例約 21%
2026-07-10,BBD,今日熱門,3.65,空手,,,空手觀望，尚未出現買進訊號
2026-07-10,NFLX,今日熱門,73.37,空手,,,空手觀望，尚未出現買進訊號
2026-07-10,SPCX,今日熱門,145.30,空手,,,空手觀望，尚未出現買進訊號
2026-07-10,META,今日熱門,669.21,空手,,,空手觀望，尚未出現買進訊號
2026-07-10,CRCL,今日熱門,66.14,空手,,,空手觀望，尚未出現買進訊號
2026-07-10,RIG,今日熱門,5.20,空手,,,空手觀望，尚未出現買進訊號
2026-07-10,RIVN,今日熱門,17.48,持倉中,17.48,0.0000,買進訊號！建議投入資金比例約 8%
2026-07-10,TSLA,今日熱門,407.76,空手,,,空手觀望，尚未出現買進訊號
2026-07-10,AMZN,今日熱門,245.34,空手,,,空手觀望，尚未出現買進訊號
2026-07-10,PLTR,今日熱門,126.79,空手,,,空手觀望，尚未出現買進訊號
2026-07-10,JOBY,今日熱門,7.72,空手,,,空手觀望，尚未出現買進訊號
2026-07-11,BTC-USD,追蹤清單,64395.24,空手,,,空手觀望，尚未出現買進訊號
2026-07-11,ETH-USD,追蹤清單,1819.19,空手,,,空手觀望，尚未出現買進訊號
2026-07-10,QQQ,追蹤清單,725.51,持倉中,725.51,0.0000,續抱。浮動損益 0.00%，目前停損價位約 $678.24
2026-07-10,AAPL,追蹤清單,315.32,持倉中,315.32,0.0000,續抱。浮動損益 0.00%，目前停損價位約 $288.48
2026-07-10,MSFT,追蹤清單,385.10,空手,,,空手觀望，尚未出現買進訊號
2026-07-10,XOM,追蹤清單,138.88,空手,,,空手觀望，尚未出現買進訊號
2026-07-10,PYPL,追蹤清單,46.32,空手,,,空手觀望，尚未出現買進訊號
2026-07-10,INTC,追蹤清單,109.84,持倉中,109.84,0.0000,續抱。浮動損益 0.00%，目前停損價位約 $79.86
2026-07-10,NVDA,今日熱門,210.96,空手,,,空手觀望，尚未出現買進訊號
2026-07-10,NU,今日熱門,13.76,空手,,,空手觀望，尚未出現買進訊號
2026-07-10,SOFI,今日熱門,18.78,持倉中,18.78,0.0000,續抱。浮動損益 0.00%，目前停損價位約 $15.95
2026-07-10,AAL,今日熱門,16.95,持倉中,16.95,0.0000,續抱。浮動損益 0.00%，目前停損價位約 $14.67
2026-07-10,PATH,今日熱門,11.68,持倉中,11.68,0.0000,續抱。浮動損益 0.00%，目前停損價位約 $9.81
2026-07-10,FRMI,今日熱門,6.59,持倉中,6.59,0.0000,續抱。浮動損益 0.00%，目前停損價位約 $3.92
2026-07-10,OPEN,今日熱門,4.76,空手,,,空手觀望，尚未出現買進訊號
2026-07-10,ONDS,今日熱門,7.26,空手,,,空手觀望，尚未出現買進訊號
2026-07-10,PLUG,今日熱門,2.23,空手,,,空手觀望，尚未出現買進訊號
2026-07-10,NOK,今日熱門,12.44,持倉中,12.44,0.0000,續抱。浮動損益 0.00%，目前停損價位約 $9.99
2026-07-10,T,今日熱門,21.13,空手,,,空手觀望，尚未出現買進訊號
2026-07-10,MARA,今日熱門,12.60,持倉中,12.60,0.0000,續抱。浮動損益 0.00%，目前停損價位約 $8.13
2026-07-10,F,今日熱門,14.00,持倉中,14.00,0.0000,續抱。浮動損益 0.00%，目前停損價位約 $12.64
2026-07-10,BBD,今日熱門,3.65,空手,,,空手觀望，尚未出現買進訊號
2026-07-10,NFLX,今日熱門,73.37,空手,,,空手觀望，尚未出現買進訊號
2026-07-10,SPCX,今日熱門,145.30,空手,,,空手觀望，尚未出現買進訊號
2026-07-10,META,今日熱門,669.21,空手,,,空手觀望，尚未出現買進訊號
2026-07-10,CRCL,今日熱門,66.14,空手,,,空手觀望，尚未出現買進訊號
2026-07-10,RIG,今日熱門,5.20,空手,,,空手觀望，尚未出現買進訊號
2026-07-10,RIVN,今日熱門,17.48,持倉中,17.48,0.0000,續抱。浮動損益 0.00%，目前停損價位約 $13.10
2026-07-10,TSLA,今日熱門,407.76,空手,,,空手觀望，尚未出現買進訊號
2026-07-10,AMZN,今日熱門,245.34,空手,,,空手觀望，尚未出現買進訊號
2026-07-10,PLTR,今日熱門,126.79,空手,,,空手觀望，尚未出現買進訊號
2026-07-10,JOBY,今日熱門,7.72,空手,,,空手觀望，尚未出現買進訊號
2026-07-11,BTC-USD,追蹤清單,64138.71,空手,,,空手觀望，尚未出現買進訊號
2026-07-11,ETH-USD,追蹤清單,1811.81,空手,,,空手觀望，尚未出現買進訊號
2026-07-10,QQQ,追蹤清單,725.51,持倉中,725.51,0.0000,續抱。浮動損益 0.00%，目前停損價位約 $678.24
2026-07-10,AAPL,追蹤清單,315.32,持倉中,315.32,0.0000,續抱。浮動損益 0.00%，目前停損價位約 $288.48
2026-07-10,MSFT,追蹤清單,385.10,空手,,,空手觀望，尚未出現買進訊號
2026-07-10,XOM,追蹤清單,138.88,空手,,,空手觀望，尚未出現買進訊號
2026-07-10,PYPL,追蹤清單,46.32,空手,,,空手觀望，尚未出現買進訊號
2026-07-10,INTC,追蹤清單,109.84,持倉中,109.84,0.0000,續抱。浮動損益 0.00%，目前停損價位約 $79.86
2026-07-10,NVDA,今日熱門,210.96,空手,,,空手觀望，尚未出現買進訊號
2026-07-10,NU,今日熱門,13.76,空手,,,空手觀望，尚未出現買進訊號
2026-07-10,SOFI,今日熱門,18.78,持倉中,18.78,0.0000,續抱。浮動損益 0.00%，目前停損價位約 $15.95
2026-07-10,AAL,今日熱門,16.95,持倉中,16.95,0.0000,續抱。浮動損益 0.00%，目前停損價位約 $14.67
2026-07-10,PATH,今日熱門,11.68,持倉中,11.68,0.0000,續抱。浮動損益 0.00%，目前停損價位約 $9.81
2026-07-10,FRMI,今日熱門,6.59,持倉中,6.59,0.0000,續抱。浮動損益 0.00%，目前停損價位約 $3.92
2026-07-10,OPEN,今日熱門,4.76,空手,,,空手觀望，尚未出現買進訊號
2026-07-10,ONDS,今日熱門,7.26,空手,,,空手觀望，尚未出現買進訊號
2026-07-10,PLUG,今日熱門,2.23,空手,,,空手觀望，尚未出現買進訊號
2026-07-10,NOK,今日熱門,12.44,持倉中,12.44,0.0000,續抱。浮動損益 0.00%，目前停損價位約 $9.99
2026-07-10,T,今日熱門,21.13,空手,,,空手觀望，尚未出現買進訊號
2026-07-10,MARA,今日熱門,12.60,持倉中,12.60,0.0000,續抱。浮動損益 0.00%，目前停損價位約 $8.13
2026-07-10,F,今日熱門,14.00,持倉中,14.00,0.0000,續抱。浮動損益 0.00%，目前停損價位約 $12.64
2026-07-10,BBD,今日熱門,3.65,空手,,,空手觀望，尚未出現買進訊號
2026-07-10,NFLX,今日熱門,73.37,空手,,,空手觀望，尚未出現買進訊號
2026-07-10,SPCX,今日熱門,145.30,空手,,,空手觀望，尚未出現買進訊號
2026-07-10,META,今日熱門,669.21,空手,,,空手觀望，尚未出現買進訊號
2026-07-10,CRCL,今日熱門,66.14,空手,,,空手觀望，尚未出現買進訊號
2026-07-10,RIG,今日熱門,5.20,空手,,,空手觀望，尚未出現買進訊號
2026-07-10,RIVN,今日熱門,17.48,持倉中,17.48,0.0000,續抱。浮動損益 0.00%，目前停損價位約 $13.10
2026-07-10,TSLA,今日熱門,407.76,空手,,,空手觀望，尚未出現買進訊號
2026-07-10,AMZN,今日熱門,245.34,空手,,,空手觀望，尚未出現買進訊號
2026-07-10,PLTR,今日熱門,126.79,空手,,,空手觀望，尚未出現買進訊號
2026-07-10,JOBY,今日熱門,7.72,空手,,,空手觀望，尚未出現買進訊號
2026-07-12,BTC-USD,追蹤清單,63679.96,空手,,,空手觀望，尚未出現買進訊號
2026-07-12,ETH-USD,追蹤清單,1800.75,空手,,,空手觀望，尚未出現買進訊號
2026-07-10,QQQ,追蹤清單,725.51,持倉中,725.51,0.0000,續抱。浮動損益 0.00%，目前停損價位約 $678.24
2026-07-10,AAPL,追蹤清單,315.32,持倉中,315.32,0.0000,續抱。浮動損益 0.00%，目前停損價位約 $288.48
2026-07-10,MSFT,追蹤清單,385.10,空手,,,空手觀望，尚未出現買進訊號
2026-07-10,XOM,追蹤清單,138.88,空手,,,空手觀望，尚未出現買進訊號
2026-07-10,PYPL,追蹤清單,46.32,空手,,,空手觀望，尚未出現買進訊號
2026-07-10,INTC,追蹤清單,109.84,持倉中,109.84,0.0000,續抱。浮動損益 0.00%，目前停損價位約 $79.86
2026-07-10,NVDA,今日熱門,210.96,空手,,,空手觀望，尚未出現買進訊號
2026-07-10,NU,今日熱門,13.76,空手,,,空手觀望，尚未出現買進訊號
2026-07-10,SKHYV,今日熱門,168.01,空手,,,空手觀望，尚未出現買進訊號
2026-07-10,SOFI,今日熱門,18.78,持倉中,18.78,0.0000,續抱。浮動損益 0.00%，目前停損價位約 $15.95
2026-07-10,AAL,今日熱門,16.95,持倉中,16.95,0.0000,續抱。浮動損益 0.00%，目前停損價位約 $14.67
2026-07-10,PATH,今日熱門,11.68,持倉中,11.68,0.0000,續抱。浮動損益 0.00%，目前停損價位約 $9.81
2026-07-10,OPEN,今日熱門,4.76,空手,,,空手觀望，尚未出現買進訊號
2026-07-10,FRMI,今日熱門,6.59,持倉中,6.59,0.0000,續抱。浮動損益 0.00%，目前停損價位約 $3.92
2026-07-10,ONDS,今日熱門,7.26,空手,,,空手觀望，尚未出現買進訊號
2026-07-10,PLUG,今日熱門,2.23,空手,,,空手觀望，尚未出現買進訊號
2026-07-10,NOK,今日熱門,12.44,持倉中,12.44,0.0000,續抱。浮動損益 0.00%，目前停損價位約 $9.99
2026-07-10,T,今日熱門,21.13,空手,,,空手觀望，尚未出現買進訊號
2026-07-10,F,今日熱門,14.00,持倉中,14.00,0.0000,續抱。浮動損益 0.00%，目前停損價位約 $12.64
2026-07-10,SPCX,今日熱門,145.30,空手,,,空手觀望，尚未出現買進訊號
2026-07-10,NFLX,今日熱門,73.37,空手,,,空手觀望，尚未出現買進訊號
2026-07-10,RIG,今日熱門,5.20,空手,,,空手觀望，尚未出現買進訊號
2026-07-10,MARA,今日熱門,12.60,持倉中,12.60,0.0000,續抱。浮動損益 0.00%，目前停損價位約 $8.13
2026-07-10,BBD,今日熱門,3.65,空手,,,空手觀望，尚未出現買進訊號
2026-07-10,META,今日熱門,669.21,空手,,,空手觀望，尚未出現買進訊號
2026-07-10,RIVN,今日熱門,17.48,持倉中,17.48,0.0000,續抱。浮動損益 0.00%，目前停損價位約 $13.10
2026-07-10,QXO,今日熱門,14.99,空手,,,空手觀望，尚未出現買進訊號
2026-07-10,CRCL,今日熱門,66.14,空手,,,空手觀望，尚未出現買進訊號
2026-07-10,TSLA,今日熱門,407.76,空手,,,空手觀望，尚未出現買進訊號
2026-07-13,BTC-USD,追蹤清單,61838.31,空手,,,空手觀望，尚未出現買進訊號
2026-07-13,ETH-USD,追蹤清單,1755.28,空手,,,空手觀望，尚未出現買進訊號
2026-07-13,QQQ,追蹤清單,711.74,持倉中,725.51,-0.0190,續抱。浮動損益 -1.90%，目前停損價位約 $677.31
2026-07-13,AAPL,追蹤清單,317.31,持倉中,315.32,0.0063,續抱。浮動損益 0.63%，目前停損價位約 $289.94
2026-07-13,MSFT,追蹤清單,390.99,空手,,,空手觀望，尚未出現買進訊號
2026-07-13,XOM,追蹤清單,144.51,空手,,,空手觀望，尚未出現買進訊號
2026-07-13,PYPL,追蹤清單,47.65,空手,,,空手觀望，尚未出現買進訊號
2026-07-13,INTC,追蹤清單,103.12,持倉中,109.84,-0.0612,續抱。浮動損益 -6.12%，目前停損價位約 $79.73
2026-07-13,NVDA,今日熱門,203.53,空手,,,空手觀望，尚未出現買進訊號
2026-07-13,NU,今日熱門,13.67,空手,,,空手觀望，尚未出現買進訊號
2026-07-10,SKHYV,今日熱門,168.01,空手,,,空手觀望，尚未出現買進訊號
2026-07-13,SOFI,今日熱門,18.13,持倉中,18.78,-0.0346,續抱。浮動損益 -3.46%，目前停損價位約 $15.90
2026-07-13,AAL,今日熱門,16.31,持倉中,16.95,-0.0378,續抱。浮動損益 -3.78%，目前停損價位約 $14.67
2026-07-13,PATH,今日熱門,11.85,持倉中,11.68,0.0146,續抱。浮動損益 1.46%，目前停損價位約 $9.98
2026-07-13,FRMI,今日熱門,6.31,持倉中,6.59,-0.0425,續抱。浮動損益 -4.25%，目前停損價位約 $3.95
2026-07-13,OPEN,今日熱門,4.49,空手,,,空手觀望，尚未出現買進訊號
2026-07-13,ONDS,今日熱門,6.96,空手,,,空手觀望，尚未出現買進訊號
2026-07-13,PLUG,今日熱門,2.17,空手,,,空手觀望，尚未出現買進訊號
2026-07-13,NOK,今日熱門,11.69,空手,12.44,-0.0603,賣出訊號！原因：均線死亡交叉，這筆交易報酬約 -6.03%
2026-07-13,NFLX,今日熱門,73.83,空手,,,空手觀望，尚未出現買進訊號
2026-07-13,MARA,今日熱門,12.19,持倉中,12.60,-0.0325,續抱。浮動損益 -3.25%，目前停損價位約 $8.45
2026-07-13,T,今日熱門,21.55,空手,,,空手觀望，尚未出現買進訊號
2026-07-13,BBD,今日熱門,3.61,空手,,,空手觀望，尚未出現買進訊號
2026-07-13,SPCX,今日熱門,139.14,空手,,,空手觀望，尚未出現買進訊號
2026-07-13,META,今日熱門,656.73,空手,,,空手觀望，尚未出現買進訊號
2026-07-13,QXO,今日熱門,13.89,空手,,,空手觀望，尚未出現買進訊號
2026-07-13,CRCL,今日熱門,63.00,空手,,,空手觀望，尚未出現買進訊號
2026-07-13,RIG,今日熱門,5.37,空手,,,空手觀望，尚未出現買進訊號
2026-07-13,RIVN,今日熱門,17.31,持倉中,17.48,-0.0097,續抱。浮動損益 -0.97%，目前停損價位約 $13.25
2026-07-13,TSLA,今日熱門,394.76,空手,,,空手觀望，尚未出現買進訊號
2026-07-14,BTC-USD,追蹤清單,64746.37,空手,,,空手觀望，尚未出現買進訊號
2026-07-14,ETH-USD,追蹤清單,1878.47,空手,,,空手觀望，尚未出現買進訊號
2026-07-14,QQQ,追蹤清單,719.69,持倉中,725.51,-0.0080,續抱。浮動損益 -0.80%，目前停損價位約 $680.58
2026-07-14,AAPL,追蹤清單,314.86,持倉中,315.32,-0.0015,續抱。浮動損益 -0.15%，目前停損價位約 $290.38
2026-07-14,MSFT,追蹤清單,384.93,空手,,,空手觀望，尚未出現買進訊號
2026-07-14,XOM,追蹤清單,145.09,空手,,,空手觀望，尚未出現買進訊號
2026-07-14,PYPL,追蹤清單,47.37,空手,,,空手觀望，尚未出現買進訊號
2026-07-14,INTC,追蹤清單,107.76,持倉中,109.84,-0.0189,續抱。浮動損益 -1.89%，目前停損價位約 $81.14
2026-07-14,NU,今日熱門,13.99,空手,,,空手觀望，尚未出現買進訊號
2026-07-14,AAL,今日熱門,15.67,持倉中,16.95,-0.0755,續抱。浮動損益 -7.55%，目前停損價位約 $14.65
2026-07-13,SKHYV,今日熱門,153.51,空手,,,空手觀望，尚未出現買進訊號
2026-07-14,ONDS,今日熱門,7.36,空手,,,空手觀望，尚未出現買進訊號
2026-07-14,NVDA,今日熱門,211.80,空手,,,空手觀望，尚未出現買進訊號
2026-07-14,OPEN,今日熱門,4.55,空手,,,空手觀望，尚未出現買進訊號
2026-07-14,PATH,今日熱門,11.94,持倉中,11.68,0.0223,續抱。浮動損益 2.23%，目前停損價位約 $9.94
2026-07-14,SOFI,今日熱門,18.55,持倉中,18.78,-0.0122,續抱。浮動損益 -1.22%，目前停損價位約 $15.96
2026-07-14,NOK,今日熱門,11.70,空手,,,空手觀望，尚未出現買進訊號
2026-07-14,CLSK,今日熱門,13.45,持倉中,13.45,0.0000,買進訊號！建議投入資金比例約 6%
2026-07-14,SKHY,今日熱門,193.92,空手,,,空手觀望，尚未出現買進訊號
2026-07-14,IBM,今日熱門,217.07,持倉中,217.07,0.0000,買進訊號！建議投入資金比例約 9%
2026-07-14,WULF,今日熱門,19.41,持倉中,19.41,0.0000,買進訊號！建議投入資金比例約 5%
2026-07-14,MARA,今日熱門,12.16,持倉中,12.60,-0.0349,續抱。浮動損益 -3.49%，目前停損價位約 $8.54
2026-07-14,JOBY,今日熱門,7.89,空手,,,空手觀望，尚未出現買進訊號
2026-07-14,PLTR,今日熱門,133.72,空手,,,空手觀望，尚未出現買進訊號
2026-07-14,ORCL,今日熱門,127.94,空手,,,空手觀望，尚未出現買進訊號
2026-07-14,SPCX,今日熱門,136.08,空手,,,空手觀望，尚未出現買進訊號
2026-07-14,T,今日熱門,21.28,空手,,,空手觀望，尚未出現買進訊號
2026-07-14,BMNR,今日熱門,16.29,空手,,,空手觀望，尚未出現買進訊號
2026-07-14,BBD,今日熱門,3.63,空手,,,空手觀望，尚未出現買進訊號
2026-07-14,BAC,今日熱門,60.62,持倉中,60.62,0.0000,買進訊號！建議投入資金比例約 33%
2026-07-14,PLUG,今日熱門,2.27,空手,,,空手觀望，尚未出現買進訊號
2026-07-14,F,今日熱門,13.94,持倉中,14.00,-0.0043,續抱。浮動損益 -0.43%，目前停損價位約 $12.73
2026-07-15,BTC-USD,追蹤清單,64863.81,空手,,,空手觀望，尚未出現買進訊號
2026-07-15,ETH-USD,追蹤清單,1924.89,空手,,,空手觀望，尚未出現買進訊號
2026-07-15,QQQ,追蹤清單,717.74,持倉中,725.51,-0.0107,續抱。浮動損益 -1.07%，目前停損價位約 $680.87
2026-07-15,AAPL,追蹤清單,327.50,持倉中,315.32,0.0386,續抱。浮動損益 3.86%，目前停損價位約 $299.05
2026-07-15,MSFT,追蹤清單,395.63,空手,,,空手觀望，尚未出現買進訊號
2026-07-15,XOM,追蹤清單,144.51,空手,,,空手觀望，尚未出現買進訊號
2026-07-15,PYPL,追蹤清單,55.52,空手,,,空手觀望，尚未出現買進訊號
2026-07-15,INTC,追蹤清單,102.99,持倉中,109.84,-0.0624,續抱。浮動損益 -6.24%，目前停損價位約 $80.68
2026-07-15,AAL,今日熱門,15.63,持倉中,16.95,-0.0779,續抱。浮動損益 -7.79%，目前停損價位約 $14.81
2026-07-15,NU,今日熱門,13.88,持倉中,13.88,0.0000,買進訊號！建議投入資金比例約 18%
2026-07-15,ONDS,今日熱門,7.05,空手,,,空手觀望，尚未出現買進訊號
2026-07-15,PATH,今日熱門,11.95,持倉中,11.68,0.0231,續抱。浮動損益 2.31%，目前停損價位約 $9.93
2026-07-15,OPEN,今日熱門,4.75,空手,,,空手觀望，尚未出現買進訊號
2026-07-15,NOK,今日熱門,11.25,空手,,,空手觀望，尚未出現買進訊號
2026-07-14,SKHYV,今日熱門,194.20,空手,,,空手觀望，尚未出現買進訊號
2026-07-15,NVDA,今日熱門,212.50,空手,,,空手觀望，尚未出現買進訊號
2026-07-15,T,今日熱門,21.43,空手,,,空手觀望，尚未出現買進訊號
2026-07-15,SKHY,今日熱門,176.46,空手,,,空手觀望，尚未出現買進訊號
2026-07-15,SOFI,今日熱門,17.87,持倉中,18.78,-0.0485,續抱。浮動損益 -4.85%，目前停損價位約 $15.96
2026-07-15,SPCX,今日熱門,135.27,空手,,,空手觀望，尚未出現買進訊號
2026-07-15,LCID,今日熱門,5.95,空手,,,空手觀望，尚未出現買進訊號
2026-07-15,JOBY,今日熱門,7.76,空手,,,空手觀望，尚未出現買進訊號
2026-07-15,F,今日熱門,14.18,持倉中,14.00,0.0129,續抱。浮動損益 1.29%，目前停損價位約 $12.91
2026-07-15,MARA,今日熱門,12.29,持倉中,12.60,-0.0246,續抱。浮動損益 -2.46%，目前停損價位約 $8.73
2026-07-15,ORCL,今日熱門,132.49,空手,,,空手觀望，尚未出現買進訊號
2026-07-15,MU,今日熱門,904.28,持倉中,904.28,0.0000,買進訊號！建議投入資金比例約 7%
2026-07-15,CLSK,今日熱門,14.13,持倉中,13.45,0.0506,續抱。浮動損益 5.06%，目前停損價位約 $9.94
2026-07-15,IOVA,今日熱門,4.74,持倉中,4.74,0.0000,買進訊號！建議投入資金比例約 9%
2026-07-15,PLUG,今日熱門,2.21,空手,,,空手觀望，尚未出現買進訊號
2026-07-15,HL,今日熱門,15.46,空手,,,空手觀望，尚未出現買進訊號
2026-07-16,BTC-USD,追蹤清單,64752.00,空手,,,空手觀望，尚未出現買進訊號
2026-07-16,ETH-USD,追蹤清單,1886.30,空手,,,空手觀望，尚未出現買進訊號
2026-07-16,QQQ,追蹤清單,712.16,持倉中,725.51,-0.0184,續抱。浮動損益 -1.84%，目前停損價位約 $683.18
2026-07-16,AAPL,追蹤清單,330.35,持倉中,315.32,0.0477,續抱。浮動損益 4.77%，目前停損價位約 $305.05
2026-07-16,MSFT,追蹤清單,395.96,空手,,,空手觀望，尚未出現買進訊號
2026-07-16,XOM,追蹤清單,145.72,空手,,,空手觀望，尚未出現買進訊號
2026-07-16,PYPL,追蹤清單,56.78,持倉中,56.78,0.0000,買進訊號！建議投入資金比例約 18%
2026-07-16,INTC,追蹤清單,100.12,持倉中,109.84,-0.0885,續抱。浮動損益 -8.85%，目前停損價位約 $82.93
2026-07-16,ATAI,今日熱門,7.19,持倉中,7.19,0.0000,買進訊號！建議投入資金比例約 8%
2026-07-16,NOK,今日熱門,10.49,空手,,,空手觀望，尚未出現買進訊號
2026-07-16,NVDA,今日熱門,208.83,空手,,,空手觀望，尚未出現買進訊號
2026-07-16,ASTS,今日熱門,57.28,空手,,,空手觀望，尚未出現買進訊號
2026-07-16,SPCX,今日熱門,136.50,空手,,,空手觀望，尚未出現買進訊號
2026-07-15,CPRX,今日熱門,31.49,持倉中,31.49,0.0000,買進訊號！建議投入資金比例約 100%
2026-07-16,SKHY,今日熱門,162.54,空手,,,空手觀望，尚未出現買進訊號
2026-07-16,ONDS,今日熱門,6.72,空手,,,空手觀望，尚未出現買進訊號
2026-07-16,PLUG,今日熱門,2.21,空手,,,空手觀望，尚未出現買進訊號
2026-07-16,SOFI,今日熱門,17.80,持倉中,18.78,-0.0524,續抱。浮動損益 -5.24%，目前停損價位約 $16.03
2026-07-16,ORCL,今日熱門,126.85,空手,,,空手觀望，尚未出現買進訊號
2026-07-16,OPEN,今日熱門,4.68,空手,,,空手觀望，尚未出現買進訊號
2026-07-16,MU,今日熱門,868.54,持倉中,904.28,-0.0395,續抱。浮動損益 -3.95%，目前停損價位約 $664.42
2026-07-16,NU,今日熱門,13.84,持倉中,13.88,-0.0032,續抱。浮動損益 -0.32%，目前停損價位約 $12.32
2026-07-16,AAL,今日熱門,15.71,持倉中,16.95,-0.0729,續抱。浮動損益 -7.29%，目前停損價位約 $14.87
2026-07-16,LCID,今日熱門,6.51,空手,,,空手觀望，尚未出現買進訊號
2026-07-16,IREN,今日熱門,36.06,空手,,,空手觀望，尚未出現買進訊號
2026-07-16,RKLB,今日熱門,69.57,空手,,,空手觀望，尚未出現買進訊號
2026-07-16,BB,今日熱門,9.66,持倉中,9.66,0.0000,買進訊號！建議投入資金比例約 7%
2026-07-16,TSLA,今日熱門,394.33,空手,,,空手觀望，尚未出現買進訊號
2026-07-16,TSM,今日熱門,415.39,持倉中,415.39,0.0000,買進訊號！建議投入資金比例約 14%
2026-07-16,BTC-USD,追蹤清單,64595.96,空手,,,空手觀望，尚未出現買進訊號
2026-07-16,ETH-USD,追蹤清單,1883.87,空手,,,空手觀望，尚未出現買進訊號
2026-07-16,QQQ,追蹤清單,710.26,持倉中,725.51,-0.0210,續抱。浮動損益 -2.10%，目前停損價位約 $683.18
2026-07-16,AAPL,追蹤清單,330.36,持倉中,315.32,0.0477,續抱。浮動損益 4.77%，目前停損價位約 $305.07
2026-07-16,MSFT,追蹤清單,396.90,空手,,,空手觀望，尚未出現買進訊號
2026-07-16,XOM,追蹤清單,146.18,空手,,,空手觀望，尚未出現買進訊號
2026-07-16,PYPL,追蹤清單,57.03,持倉中,56.78,0.0042,續抱。浮動損益 0.42%，目前停損價位約 $50.74
2026-07-16,INTC,追蹤清單,98.82,持倉中,109.84,-0.1003,續抱。浮動損益 -10.03%，目前停損價位約 $82.93
2026-07-16,AAOI,moomoo清單,101.63,空手,,,空手觀望，尚未出現買進訊號
2026-07-16,GLW,moomoo清單,159.10,持倉中,159.18,0.0000,買進訊號！建議投入資金比例約 5%（已計入滑價，實際成交約 $159.18）
2026-07-16,DELL,moomoo清單,404.39,持倉中,404.59,0.0000,買進訊號！建議投入資金比例約 8%（已計入滑價，實際成交約 $404.59）
2026-07-16,AVGO,moomoo清單,381.54,空手,,,空手觀望，尚未出現買進訊號
2026-07-16,ARM,moomoo清單,256.30,持倉中,256.42,0.0000,買進訊號！建議投入資金比例約 6%（已計入滑價，實際成交約 $256.42）
2026-07-16,ATAI,今日熱門,7.16,持倉中,7.19,-0.0046,續抱。浮動損益 -0.46%，目前停損價位約 $5.46
2026-07-16,NVDA,今日熱門,207.06,空手,,,空手觀望，尚未出現買進訊號
2026-07-16,NOK,今日熱門,10.36,空手,,,空手觀望，尚未出現買進訊號
2026-07-16,NU,今日熱門,13.80,持倉中,13.88,-0.0058,續抱。浮動損益 -0.58%，目前停損價位約 $12.31
2026-07-16,OPEN,今日熱門,4.68,空手,,,空手觀望，尚未出現買進訊號
2026-07-16,ASTS,今日熱門,56.22,空手,,,空手觀望，尚未出現買進訊號
2026-07-16,SPCX,今日熱門,134.45,空手,,,空手觀望，尚未出現買進訊號
2026-07-16,SKHY,今日熱門,161.74,空手,,,空手觀望，尚未出現買進訊號
2026-07-16,ONDS,今日熱門,6.62,空手,,,空手觀望，尚未出現買進訊號
2026-07-15,CPRX,今日熱門,31.49,持倉中,31.49,0.0000,續抱。浮動損益 0.00%，目前停損價位約 $31.38
2026-07-16,MU,今日熱門,858.54,持倉中,904.28,-0.0506,續抱。浮動損益 -5.06%，目前停損價位約 $664.42
2026-07-16,PLUG,今日熱門,2.18,空手,,,空手觀望，尚未出現買進訊號
2026-07-16,LCID,今日熱門,6.64,空手,,,空手觀望，尚未出現買進訊號
2026-07-16,SOFI,今日熱門,17.75,持倉中,18.78,-0.0551,續抱。浮動損益 -5.51%，目前停損價位約 $16.03
2026-07-16,ORCL,今日熱門,126.45,空手,,,空手觀望，尚未出現買進訊號
2026-07-16,MARA,今日熱門,11.59,持倉中,12.60,-0.0806,續抱。浮動損益 -8.06%，目前停損價位約 $8.95
2026-07-16,ABT,今日熱門,100.02,持倉中,100.07,0.0000,買進訊號！建議投入資金比例約 21%（已計入滑價，實際成交約 $100.07）
2026-07-16,TSLA,今日熱門,393.77,空手,,,空手觀望，尚未出現買進訊號
2026-07-16,PFE,今日熱門,25.31,空手,,,空手觀望，尚未出現買進訊號
2026-07-16,IREN,今日熱門,35.48,空手,,,空手觀望，尚未出現買進訊號
2026-07-16,AMZN,今日熱門,254.82,空手,,,空手觀望，尚未出現買進訊號
2026-07-16,BTC-USD,追蹤清單,63884.74,空手,,,空手觀望，尚未出現買進訊號
2026-07-16,ETH-USD,追蹤清單,1865.79,空手,,,空手觀望，尚未出現買進訊號
2026-07-16,AAPL,追蹤清單,333.26,持倉中,315.32,0.0569,續抱。浮動損益 5.69%，目前停損價位約 $307.26
2026-07-16,MSFT,追蹤清單,401.10,空手,,,空手觀望，尚未出現買進訊號
2026-07-16,XOM,追蹤清單,145.95,空手,,,空手觀望，尚未出現買進訊號
2026-07-16,PYPL,追蹤清單,56.73,持倉中,56.78,-0.0010,續抱。浮動損益 -0.10%，目前停損價位約 $50.64
2026-07-16,INTC,追蹤清單,96.98,持倉中,109.84,-0.1171,續抱。浮動損益 -11.71%，目前停損價位約 $82.33
2026-07-16,AAOI,moomoo清單,100.24,空手,,,空手觀望，尚未出現買進訊號
2026-07-16,GLW,moomoo清單,158.39,持倉中,159.18,-0.0050,續抱。浮動損益 -0.50%，目前停損價位約 $98.72
2026-07-16,DELL,moomoo清單,391.38,持倉中,404.59,-0.0327,續抱。浮動損益 -3.27%，目前停損價位約 $307.61
2026-07-16,AVGO,moomoo清單,374.45,空手,,,空手觀望，尚未出現買進訊號
2026-07-16,ARM,moomoo清單,262.01,持倉中,256.42,0.0218,續抱。浮動損益 2.18%，目前停損價位約 $178.84
2026-07-16,NU,今日熱門,13.79,持倉中,13.88,-0.0065,續抱。浮動損益 -0.65%，目前停損價位約 $12.31
2026-07-16,OPEN,今日熱門,4.57,空手,,,空手觀望，尚未出現買進訊號
2026-07-16,NOK,今日熱門,10.38,空手,,,空手觀望，尚未出現買進訊號
2026-07-16,ATAI,今日熱門,7.15,持倉中,7.19,-0.0060,續抱。浮動損益 -0.60%，目前停損價位約 $5.46
2026-07-16,ONDS,今日熱門,6.65,空手,,,空手觀望，尚未出現買進訊號
2026-07-16,PATH,今日熱門,12.03,持倉中,11.68,0.0300,續抱。浮動損益 3.00%，目前停損價位約 $9.94
2026-07-16,AAL,今日熱門,15.60,持倉中,16.95,-0.0796,續抱。浮動損益 -7.96%，目前停損價位約 $14.80
2026-07-16,T,今日熱門,21.98,空手,,,空手觀望，尚未出現買進訊號
2026-07-16,SOFI,今日熱門,17.32,持倉中,18.78,-0.0777,續抱。浮動損益 -7.77%，目前停損價位約 $15.97
2026-07-16,SPCX,今日熱門,131.11,空手,,,空手觀望，尚未出現買進訊號
2026-07-16,NVDA,今日熱門,207.40,空手,,,空手觀望，尚未出現買進訊號
2026-07-16,ORCL,今日熱門,124.21,空手,,,空手觀望，尚未出現買進訊號
2026-07-16,JOBY,今日熱門,7.34,空手,,,空手觀望，尚未出現買進訊號
2026-07-16,SKHY,今日熱門,152.31,空手,,,空手觀望，尚未出現買進訊號
2026-07-16,PFE,今日熱門,25.14,空手,,,空手觀望，尚未出現買進訊號
2026-07-16,LCID,今日熱門,6.46,空手,,,空手觀望，尚未出現買進訊號
2026-07-16,HL,今日熱門,14.52,空手,,,空手觀望，尚未出現買進訊號
2026-07-16,RKT,今日熱門,14.90,持倉中,14.91,0.0000,買進訊號！建議投入資金比例約 13%（已計入滑價，實際成交約 $14.91）
2026-07-16,IREN,今日熱門,34.83,空手,,,空手觀望，尚未出現買進訊號
2026-07-16,BBD,今日熱門,3.55,空手,,,空手觀望，尚未出現買進訊號
2026-07-16,SNAP,今日熱門,4.69,空手,,,空手觀望，尚未出現買進訊號
2026-07-16,KEEL,今日熱門,3.93,持倉中,3.94,0.0000,買進訊號！建議投入資金比例約 5%（已計入滑價，實際成交約 $3.94）
2026-07-16,SOUN,今日熱門,6.31,空手,,,空手觀望，尚未出現買進訊號
2026-07-17,BTC-USD,追蹤清單,63941.99,空手,,,空手觀望，尚未出現買進訊號
2026-07-17,ETH-USD,追蹤清單,1838.48,空手,,,空手觀望，尚未出現買進訊號
2026-07-17,QQQ,追蹤清單,695.33,持倉中,725.51,-0.0416,續抱。浮動損益 -4.16%，目前停損價位約 $681.04
2026-07-17,AAPL,追蹤清單,333.74,持倉中,315.32,0.0584,續抱。浮動損益 5.84%，目前停損價位約 $308.98
2026-07-17,MSFT,追蹤清單,393.82,空手,,,空手觀望，尚未出現買進訊號
2026-07-17,XOM,追蹤清單,147.36,空手,,,空手觀望，尚未出現買進訊號
2026-07-17,PYPL,追蹤清單,56.56,持倉中,56.78,-0.0040,續抱。浮動損益 -0.40%，目前停損價位約 $50.79
2026-07-17,INTC,追蹤清單,95.04,持倉中,109.84,-0.1347,續抱。浮動損益 -13.47%，目前停損價位約 $82.09
2026-07-17,AAOI,moomoo清單,102.41,空手,,,空手觀望，尚未出現買進訊號
2026-07-17,GLW,moomoo清單,154.61,持倉中,159.18,-0.0287,續抱。浮動損益 -2.87%，目前停損價位約 $100.62
2026-07-17,DELL,moomoo清單,396.34,持倉中,404.59,-0.0204,續抱。浮動損益 -2.04%，目前停損價位約 $304.46
2026-07-17,AVGO,moomoo清單,370.83,空手,,,空手觀望，尚未出現買進訊號
2026-07-17,ARM,moomoo清單,267.19,持倉中,256.42,0.0420,續抱。浮動損益 4.20%，目前停損價位約 $182.12
2026-07-17,ONDS,今日熱門,6.53,空手,,,空手觀望，尚未出現買進訊號
2026-07-17,AAL,今日熱門,14.98,持倉中,16.95,-0.1162,續抱。浮動損益 -11.62%，目前停損價位約 $14.77
2026-07-17,NFLX,今日熱門,68.95,空手,,,空手觀望，尚未出現買進訊號
2026-07-17,NVDA,今日熱門,202.81,空手,,,空手觀望，尚未出現買進訊號
2026-07-17,NU,今日熱門,13.59,持倉中,13.88,-0.0209,續抱。浮動損益 -2.09%，目前停損價位約 $12.40
2026-07-17,OPEN,今日熱門,4.50,空手,,,空手觀望，尚未出現買進訊號
2026-07-17,NOK,今日熱門,10.12,空手,,,空手觀望，尚未出現買進訊號
2026-07-17,PATH,今日熱門,12.15,持倉中,11.68,0.0402,續抱。浮動損益 4.02%，目前停損價位約 $10.10
2026-07-17,JOBY,今日熱門,7.23,空手,,,空手觀望，尚未出現買進訊號
2026-07-17,SOFI,今日熱門,17.28,持倉中,18.78,-0.0799,續抱。浮動損益 -7.99%，目前停損價位約 $15.95
2026-07-17,SPCX,今日熱門,123.99,空手,,,空手觀望，尚未出現買進訊號
2026-07-17,SKHY,今日熱門,154.03,空手,,,空手觀望，尚未出現買進訊號
2026-07-17,T,今日熱門,21.81,空手,,,空手觀望，尚未出現買進訊號
2026-07-17,HL,今日熱門,14.33,空手,,,空手觀望，尚未出現買進訊號
2026-07-17,MU,今日熱門,848.95,持倉中,904.28,-0.0612,續抱。浮動損益 -6.12%，目前停損價位約 $660.19
2026-07-17,PLUG,今日熱門,2.17,空手,,,空手觀望，尚未出現買進訊號
2026-07-17,LCID,今日熱門,7.36,空手,,,空手觀望，尚未出現買進訊號
2026-07-17,SOUN,今日熱門,6.27,空手,,,空手觀望，尚未出現買進訊號
2026-07-17,MARA,今日熱門,10.69,持倉中,12.60,-0.1516,續抱。浮動損益 -15.16%，目前停損價位約 $9.06
2026-07-17,F,今日熱門,14.23,持倉中,14.00,0.0164,續抱。浮動損益 1.64%，目前停損價位約 $12.99
2026-07-17,ATAI,今日熱門,7.22,持倉中,7.19,0.0037,續抱。浮動損益 0.37%，目前停損價位約 $5.65
2026-07-17,GRAB,今日熱門,3.57,持倉中,3.57,0.0000,買進訊號！建議投入資金比例約 14%（已計入滑價，實際成交約 $3.57）
2026-07-18,BTC-USD,追蹤清單,64788.80,空手,,,空手觀望，尚未出現買進訊號
2026-07-18,ETH-USD,追蹤清單,1863.14,空手,,,空手觀望，尚未出現買進訊號
2026-07-17,QQQ,追蹤清單,695.33,持倉中,725.51,-0.0416,續抱。浮動損益 -4.16%，目前停損價位約 $681.04
2026-07-17,AAPL,追蹤清單,333.74,持倉中,315.32,0.0584,續抱。浮動損益 5.84%，目前停損價位約 $308.97
2026-07-17,MSFT,追蹤清單,393.82,空手,,,空手觀望，尚未出現買進訊號
2026-07-17,XOM,追蹤清單,147.36,空手,,,空手觀望，尚未出現買進訊號
2026-07-17,PYPL,追蹤清單,56.56,持倉中,56.78,-0.0040,續抱。浮動損益 -0.40%，目前停損價位約 $50.78
2026-07-17,INTC,追蹤清單,95.04,持倉中,109.84,-0.1347,續抱。浮動損益 -13.47%，目前停損價位約 $82.09
2026-07-17,AAOI,moomoo清單,102.41,空手,,,空手觀望，尚未出現買進訊號
2026-07-17,GLW,moomoo清單,154.61,持倉中,159.18,-0.0287,續抱。浮動損益 -2.87%，目前停損價位約 $100.62
2026-07-17,DELL,moomoo清單,396.34,持倉中,404.59,-0.0204,續抱。浮動損益 -2.04%，目前停損價位約 $304.46
2026-07-17,AVGO,moomoo清單,370.83,空手,,,空手觀望，尚未出現買進訊號
2026-07-17,ARM,moomoo清單,267.19,持倉中,256.42,0.0420,續抱。浮動損益 4.20%，目前停損價位約 $182.12
2026-07-17,ONDS,今日熱門,6.53,空手,,,空手觀望，尚未出現買進訊號
2026-07-17,AAL,今日熱門,14.98,持倉中,16.95,-0.1162,續抱。浮動損益 -11.62%，目前停損價位約 $14.77
2026-07-17,NFLX,今日熱門,68.95,空手,,,空手觀望，尚未出現買進訊號
2026-07-17,NVDA,今日熱門,202.81,空手,,,空手觀望，尚未出現買進訊號
2026-07-17,NU,今日熱門,13.59,持倉中,13.88,-0.0209,續抱。浮動損益 -2.09%，目前停損價位約 $12.40
2026-07-17,OPEN,今日熱門,4.50,空手,,,空手觀望，尚未出現買進訊號
2026-07-17,NOK,今日熱門,10.12,空手,,,空手觀望，尚未出現買進訊號
2026-07-17,PATH,今日熱門,12.15,持倉中,11.68,0.0402,續抱。浮動損益 4.02%，目前停損價位約 $10.10
2026-07-17,JOBY,今日熱門,7.23,空手,,,空手觀望，尚未出現買進訊號
2026-07-17,SOFI,今日熱門,17.28,持倉中,18.78,-0.0799,續抱。浮動損益 -7.99%，目前停損價位約 $15.95
2026-07-17,SPCX,今日熱門,123.99,空手,,,空手觀望，尚未出現買進訊號
2026-07-17,SKHY,今日熱門,154.03,空手,,,空手觀望，尚未出現買進訊號
2026-07-17,T,今日熱門,21.81,空手,,,空手觀望，尚未出現買進訊號
2026-07-17,HL,今日熱門,14.33,空手,,,空手觀望，尚未出現買進訊號
2026-07-17,MU,今日熱門,848.95,持倉中,904.28,-0.0612,續抱。浮動損益 -6.12%，目前停損價位約 $660.19
2026-07-17,PLUG,今日熱門,2.17,空手,,,空手觀望，尚未出現買進訊號
2026-07-17,LCID,今日熱門,7.36,空手,,,空手觀望，尚未出現買進訊號
2026-07-17,SOUN,今日熱門,6.27,空手,,,空手觀望，尚未出現買進訊號
2026-07-17,MARA,今日熱門,10.69,持倉中,12.60,-0.1516,續抱。浮動損益 -15.16%，目前停損價位約 $9.06
2026-07-17,F,今日熱門,14.23,持倉中,14.00,0.0164,續抱。浮動損益 1.64%，目前停損價位約 $12.99
2026-07-17,ATAI,今日熱門,7.22,持倉中,7.19,0.0037,續抱。浮動損益 0.37%，目前停損價位約 $5.65
2026-07-17,GRAB,今日熱門,3.57,持倉中,3.57,-0.0005,續抱。浮動損益 -0.05%，目前停損價位約 $3.06
2026-07-17,IREN,今日熱門,33.62,空手,,,空手觀望，尚未出現買進訊號
2026-07-19,BTC-USD,追蹤清單,64636.01,空手,,,空手觀望，尚未出現買進訊號
2026-07-19,ETH-USD,追蹤清單,1869.34,空手,,,空手觀望，尚未出現買進訊號
2026-07-17,QQQ,追蹤清單,695.33,持倉中,725.51,-0.0416,續抱。浮動損益 -4.16%，目前停損價位約 $681.04
2026-07-17,AAPL,追蹤清單,333.74,持倉中,315.32,0.0584,續抱。浮動損益 5.84%，目前停損價位約 $308.97
2026-07-17,MSFT,追蹤清單,393.82,空手,,,空手觀望，尚未出現買進訊號
2026-07-17,XOM,追蹤清單,147.36,空手,,,空手觀望，尚未出現買進訊號
2026-07-17,PYPL,追蹤清單,56.56,持倉中,56.78,-0.0040,續抱。浮動損益 -0.40%，目前停損價位約 $50.78
2026-07-17,INTC,追蹤清單,95.04,持倉中,109.84,-0.1347,續抱。浮動損益 -13.47%，目前停損價位約 $82.09
2026-07-17,AAOI,moomoo清單,102.41,空手,,,空手觀望，尚未出現買進訊號
2026-07-17,GLW,moomoo清單,154.61,持倉中,159.18,-0.0287,續抱。浮動損益 -2.87%，目前停損價位約 $100.62
2026-07-17,DELL,moomoo清單,396.34,持倉中,404.59,-0.0204,續抱。浮動損益 -2.04%，目前停損價位約 $304.46
2026-07-17,AVGO,moomoo清單,370.83,空手,,,空手觀望，尚未出現買進訊號
2026-07-17,ARM,moomoo清單,267.19,持倉中,256.42,0.0420,續抱。浮動損益 4.20%，目前停損價位約 $182.12
2026-07-17,ONDS,今日熱門,6.53,空手,,,空手觀望，尚未出現買進訊號
2026-07-17,AAL,今日熱門,14.98,持倉中,16.95,-0.1162,續抱。浮動損益 -11.62%，目前停損價位約 $14.77
2026-07-17,NVDA,今日熱門,202.81,空手,,,空手觀望，尚未出現買進訊號
2026-07-17,NFLX,今日熱門,68.95,空手,,,空手觀望，尚未出現買進訊號
2026-07-17,NOK,今日熱門,10.12,空手,,,空手觀望，尚未出現買進訊號
2026-07-17,NU,今日熱門,13.59,持倉中,13.88,-0.0209,續抱。浮動損益 -2.09%，目前停損價位約 $12.40
2026-07-17,OPEN,今日熱門,4.50,空手,,,空手觀望，尚未出現買進訊號
2026-07-17,PATH,今日熱門,12.15,持倉中,11.68,0.0402,續抱。浮動損益 4.02%，目前停損價位約 $10.10
2026-07-17,JOBY,今日熱門,7.23,空手,,,空手觀望，尚未出現買進訊號
2026-07-17,SOFI,今日熱門,17.28,持倉中,18.78,-0.0799,續抱。浮動損益 -7.99%，目前停損價位約 $15.95
2026-07-17,T,今日熱門,21.81,空手,,,空手觀望，尚未出現買進訊號
2026-07-17,SKHY,今日熱門,154.03,空手,,,空手觀望，尚未出現買進訊號
2026-07-17,HL,今日熱門,14.33,空手,,,空手觀望，尚未出現買進訊號
2026-07-17,MU,今日熱門,848.95,持倉中,904.28,-0.0612,續抱。浮動損益 -6.12%，目前停損價位約 $660.19
2026-07-17,PLUG,今日熱門,2.17,空手,,,空手觀望，尚未出現買進訊號
2026-07-17,LCID,今日熱門,7.36,空手,,,空手觀望，尚未出現買進訊號
2026-07-17,IREN,今日熱門,33.62,空手,,,空手觀望，尚未出現買進訊號
2026-07-17,PFE,今日熱門,25.05,空手,,,空手觀望，尚未出現買進訊號
2026-07-17,F,今日熱門,14.23,持倉中,14.00,0.0164,續抱。浮動損益 1.64%，目前停損價位約 $12.99
2026-07-17,BAC,今日熱門,61.27,持倉中,60.62,0.0107,續抱。浮動損益 1.07%，目前停損價位約 $57.49
2026-07-17,SOUN,今日熱門,6.27,空手,,,空手觀望，尚未出現買進訊號
2026-07-17,MARA,今日熱門,10.69,持倉中,12.60,-0.1516,續抱。浮動損益 -15.16%，目前停損價位約 $9.06
2026-07-20,BTC-USD,追蹤清單,65132.80,空手,,,空手觀望，尚未出現買進訊號
2026-07-20,ETH-USD,追蹤清單,1896.22,持倉中,1898.12,0.0000,買進訊號！建議投入資金比例約 20%（已計入滑價，實際成交約 $1898.12）
2026-07-20,QQQ,追蹤清單,696.06,持倉中,725.51,-0.0406,續抱。浮動損益 -4.06%，目前停損價位約 $682.95
2026-07-20,AAPL,追蹤清單,326.59,持倉中,315.32,0.0357,續抱。浮動損益 3.57%，目前停損價位約 $308.65
2026-07-20,MSFT,追蹤清單,402.29,空手,,,空手觀望，尚未出現買進訊號
2026-07-20,XOM,追蹤清單,148.36,空手,,,空手觀望，尚未出現買進訊號
2026-07-20,PYPL,追蹤清單,56.82,持倉中,56.78,0.0006,續抱。浮動損益 0.06%，目前停損價位約 $50.52
2026-07-20,INTC,追蹤清單,97.06,持倉中,109.84,-0.1164,續抱。浮動損益 -11.64%，目前停損價位約 $83.72
2026-07-20,AAOI,moomoo清單,103.02,空手,,,空手觀望，尚未出現買進訊號
2026-07-20,GLW,moomoo清單,153.10,持倉中,159.18,-0.0382,續抱。浮動損益 -3.82%，目前停損價位約 $108.27
2026-07-20,DELL,moomoo清單,381.88,持倉中,404.59,-0.0561,續抱。浮動損益 -5.61%，目前停損價位約 $307.81
2026-07-20,AVGO,moomoo清單,378.16,空手,,,空手觀望，尚未出現買進訊號
2026-07-20,ARM,moomoo清單,269.61,持倉中,256.42,0.0514,續抱。浮動損益 5.14%，目前停損價位約 $191.45
2026-07-20,ONDS,今日熱門,6.87,空手,,,空手觀望，尚未出現買進訊號
2026-07-20,AMC,今日熱門,2.46,持倉中,2.46,0.0000,買進訊號！建議投入資金比例約 9%（已計入滑價，實際成交約 $2.46）
2026-07-20,PATH,今日熱門,12.16,持倉中,11.68,0.0411,續抱。浮動損益 4.11%，目前停損價位約 $10.02
2026-07-20,AAL,今日熱門,15.14,持倉中,16.95,-0.1068,續抱。浮動損益 -10.68%，目前停損價位約 $14.81
2026-07-20,NU,今日熱門,13.99,持倉中,13.88,0.0079,續抱。浮動損益 0.79%，目前停損價位約 $12.44
2026-07-20,ACHR,今日熱門,5.31,空手,,,空手觀望，尚未出現買進訊號
2026-07-20,HL,今日熱門,14.29,空手,,,空手觀望，尚未出現買進訊號
2026-07-20,NVDA,今日熱門,203.28,空手,,,空手觀望，尚未出現買進訊號
2026-07-20,IREN,今日熱門,40.20,空手,,,空手觀望，尚未出現買進訊號
2026-07-20,T,今日熱門,21.95,空手,,,空手觀望，尚未出現買進訊號
2026-07-20,OPEN,今日熱門,4.45,空手,,,空手觀望，尚未出現買進訊號
2026-07-20,NOK,今日熱門,10.08,空手,,,空手觀望，尚未出現買進訊號
2026-07-20,SOFI,今日熱門,17.01,持倉中,18.78,-0.0942,續抱。浮動損益 -9.42%，目前停損價位約 $16.02
2026-07-20,JOBY,今日熱門,7.47,空手,,,空手觀望，尚未出現買進訊號
2026-07-20,MARA,今日熱門,11.67,空手,12.60,-0.0743,賣出訊號！原因：均線死亡交叉，這筆交易報酬約 -7.43%（已計入滑價）
2026-07-20,NFLX,今日熱門,67.60,空手,,,空手觀望，尚未出現買進訊號
2026-07-20,SPCX,今日熱門,119.85,空手,,,空手觀望，尚未出現買進訊號
2026-07-20,WBD,今日熱門,25.86,空手,,,空手觀望，尚未出現買進訊號
2026-07-20,SOUN,今日熱門,6.31,空手,,,空手觀望，尚未出現買進訊號
2026-07-20,CIFR,今日熱門,20.54,持倉中,20.55,0.0000,買進訊號！建議投入資金比例約 6%（已計入滑價，實際成交約 $20.55）
2026-07-20,SKHY,今日熱門,151.16,空手,,,空手觀望，尚未出現買進訊號
2026-07-20,PLUG,今日熱門,2.13,空手,,,空手觀望，尚未出現買進訊號
2026-07-20,F,今日熱門,13.99,持倉中,14.00,-0.0007,續抱。浮動損益 -0.07%，目前停損價位約 $12.97
2026-07-21,BTC-USD,追蹤清單,66231.98,空手,,,空手觀望，尚未出現買進訊號
2026-07-21,ETH-USD,追蹤清單,1917.98,持倉中,1898.12,0.0105,續抱。浮動損益 1.05%，目前停損價位約 $1731.36
2026-07-21,QQQ,追蹤清單,708.97,持倉中,725.51,-0.0228,續抱。浮動損益 -2.28%，目前停損價位約 $682.89
2026-07-21,AAPL,追蹤清單,327.74,持倉中,315.32,0.0394,續抱。浮動損益 3.94%，目前停損價位約 $309.04
2026-07-21,MSFT,追蹤清單,397.75,空手,,,空手觀望，尚未出現買進訊號
2026-07-21,XOM,追蹤清單,151.71,空手,,,空手觀望，尚未出現買進訊號
2026-07-21,PYPL,追蹤清單,55.85,持倉中,56.78,-0.0165,續抱。浮動損益 -1.65%，目前停損價位約 $50.63
2026-07-21,INTC,追蹤清單,105.45,持倉中,109.84,-0.0400,續抱。浮動損益 -4.00%，目前停損價位約 $84.09
2026-07-21,AAOI,moomoo清單,119.26,空手,,,空手觀望，尚未出現買進訊號
2026-07-21,GLW,moomoo清單,162.41,持倉中,159.18,0.0203,續抱。浮動損益 2.03%，目前停損價位約 $113.70
2026-07-21,DELL,moomoo清單,404.15,持倉中,404.59,-0.0011,續抱。浮動損益 -0.11%，目前停損價位約 $307.47
2026-07-21,AVGO,moomoo清單,386.50,空手,,,空手觀望，尚未出現買進訊號
2026-07-21,ARM,moomoo清單,289.73,持倉中,256.42,0.1299,續抱。浮動損益 12.99%，目前停損價位約 $210.61
2026-07-21,ONDS,今日熱門,7.66,空手,,,空手觀望，尚未出現買進訊號
2026-07-21,PATH,今日熱門,12.04,持倉中,11.68,0.0308,續抱。浮動損益 3.08%，目前停損價位約 $9.99
2026-07-21,NU,今日熱門,14.39,持倉中,13.88,0.0367,續抱。浮動損益 3.67%，目前停損價位約 $12.82
2026-07-21,T,今日熱門,22.26,空手,,,空手觀望，尚未出現買進訊號
2026-07-21,MARA,今日熱門,12.25,空手,,,空手觀望，尚未出現買進訊號
2026-07-21,NOK,今日熱門,10.63,空手,,,空手觀望，尚未出現買進訊號
2026-07-21,NVDA,今日熱門,207.29,空手,,,空手觀望，尚未出現買進訊號
2026-07-21,AAL,今日熱門,15.28,持倉中,16.95,-0.0985,續抱。浮動損益 -9.85%，目前停損價位約 $14.87
2026-07-21,JOBY,今日熱門,7.66,空手,,,空手觀望，尚未出現買進訊號
2026-07-21,SOFI,今日熱門,17.64,持倉中,18.78,-0.0607,續抱。浮動損益 -6.07%，目前停損價位約 $15.99
2026-07-21,SPCX,今日熱門,123.54,空手,,,空手觀望，尚未出現買進訊號
2026-07-21,HL,今日熱門,15.29,空手,,,空手觀望，尚未出現買進訊號
2026-07-21,OPEN,今日熱門,4.48,空手,,,空手觀望，尚未出現買進訊號
2026-07-21,NFLX,今日熱門,68.67,空手,,,空手觀望，尚未出現買進訊號
2026-07-21,IREN,今日熱門,41.29,空手,,,空手觀望，尚未出現買進訊號
2026-07-21,ACHR,今日熱門,5.28,空手,,,空手觀望，尚未出現買進訊號
2026-07-21,F,今日熱門,14.27,持倉中,14.00,0.0193,續抱。浮動損益 1.93%，目前停損價位約 $13.01
2026-07-21,MU,今日熱門,970.82,持倉中,904.28,0.0736,續抱。浮動損益 7.36%，目前停損價位約 $726.65
2026-07-21,CIFR,今日熱門,22.89,持倉中,20.55,0.1139,續抱。浮動損益 11.39%，目前停損價位約 $15.34
2026-07-21,PLUG,今日熱門,2.27,空手,,,空手觀望，尚未出現買進訊號
2026-07-21,RIG,今日熱門,5.24,空手,,,空手觀望，尚未出現買進訊號
2026-07-21,SOUN,今日熱門,6.55,空手,,,空手觀望，尚未出現買進訊號
2026-07-21,SKHY,今日熱門,171.94,空手,,,空手觀望，尚未出現買進訊號
2026-07-21,CDE,今日熱門,15.30,空手,,,空手觀望，尚未出現買進訊號
2026-07-22,BTC-USD,追蹤清單,66034.65,空手,,,空手觀望，尚未出現買進訊號
2026-07-22,ETH-USD,追蹤清單,1935.60,持倉中,1898.12,0.0197,續抱。浮動損益 1.97%，目前停損價位約 $1753.40
2026-07-22,QQQ,追蹤清單,705.35,持倉中,725.51,-0.0278,續抱。浮動損益 -2.78%，目前停損價位約 $684.13
2026-07-22,AAPL,追蹤清單,325.89,持倉中,315.32,0.0335,續抱。浮動損益 3.35%，目前停損價位約 $309.41
2026-07-22,MSFT,追蹤清單,390.34,空手,,,空手觀望，尚未出現買進訊號
2026-07-22,XOM,追蹤清單,154.45,空手,,,空手觀望，尚未出現買進訊號
2026-07-22,PYPL,追蹤清單,55.51,持倉中,56.78,-0.0225,續抱。浮動損益 -2.25%，目前停損價位約 $50.73
2026-07-22,INTC,追蹤清單,102.62,持倉中,109.84,-0.0657,續抱。浮動損益 -6.57%，目前停損價位約 $85.68
2026-07-22,AAOI,moomoo清單,110.52,空手,,,空手觀望，尚未出現買進訊號
2026-07-22,GLW,moomoo清單,154.06,持倉中,159.18,-0.0322,續抱。浮動損益 -3.22%，目前停損價位約 $119.87
2026-07-22,DELL,moomoo清單,441.80,持倉中,404.59,0.0920,續抱。浮動損益 9.20%，目前停損價位約 $340.71
2026-07-22,AVGO,moomoo清單,396.81,空手,,,空手觀望，尚未出現買進訊號
2026-07-22,T,今日熱門,23.04,空手,,,空手觀望，尚未出現買進訊號
2026-07-22,ONDS,今日熱門,8.00,空手,,,空手觀望，尚未出現買進訊號
2026-07-22,SMCI,今日熱門,30.56,空手,,,空手觀望，尚未出現買進訊號
2026-07-22,AAL,今日熱門,14.79,空手,16.95,-0.1279,賣出訊號！原因：ATR停損，這筆交易報酬約 -12.79%（已計入滑價）
2026-07-22,NVDA,今日熱門,212.06,空手,,,空手觀望，尚未出現買進訊號
2026-07-22,PATH,今日熱門,10.70,持倉中,11.68,-0.0839,續抱。浮動損益 -8.39%，目前停損價位約 $9.86
2026-07-22,OPEN,今日熱門,4.38,空手,,,空手觀望，尚未出現買進訊號
2026-07-22,NU,今日熱門,14.51,持倉中,13.88,0.0454,續抱。浮動損益 4.54%，目前停損價位約 $12.95
2026-07-22,SOFI,今日熱門,17.07,持倉中,18.78,-0.0911,續抱。浮動損益 -9.11%，目前停損價位約 $16.04
2026-07-22,NOK,今日熱門,10.28,空手,,,空手觀望，尚未出現買進訊號
2026-07-22,SPCX,今日熱門,115.26,空手,,,空手觀望，尚未出現買進訊號
2026-07-22,F,今日熱門,14.42,持倉中,14.00,0.0300,續抱。浮動損益 3.00%，目前停損價位約 $13.14
2026-07-22,CDE,今日熱門,15.84,空手,,,空手觀望，尚未出現買進訊號
2026-07-22,RIG,今日熱門,5.30,空手,,,空手觀望，尚未出現買進訊號
2026-07-22,MARA,今日熱門,12.41,空手,,,空手觀望，尚未出現買進訊號
2026-07-22,NFLX,今日熱門,68.53,空手,,,空手觀望，尚未出現買進訊號
2026-07-22,AMC,今日熱門,2.25,持倉中,2.46,-0.0858,續抱。浮動損益 -8.58%，目前停損價位約 $1.83
2026-07-22,JOBY,今日熱門,7.63,空手,,,空手觀望，尚未出現買進訊號
2026-07-22,SMR,今日熱門,8.68,空手,,,空手觀望，尚未出現買進訊號
2026-07-22,SOUN,今日熱門,6.46,空手,,,空手觀望，尚未出現買進訊號
2026-07-22,BBD,今日熱門,3.73,持倉中,3.73,0.0000,買進訊號！建議投入資金比例約 27%（已計入滑價，實際成交約 $3.73）
2026-07-22,ACHR,今日熱門,5.18,空手,,,空手觀望，尚未出現買進訊號
2026-07-22,HL,今日熱門,15.69,空手,,,空手觀望，尚未出現買進訊號
2026-07-22,BMNR,今日熱門,17.74,空手,,,空手觀望，尚未出現買進訊號
2026-07-23,BTC-USD,追蹤清單,65144.00,空手,,,空手觀望，尚未出現買進訊號
2026-07-23,ETH-USD,追蹤清單,1882.27,持倉中,1898.12,-0.0083,續抱。浮動損益 -0.83%，目前停損價位約 $1746.91
2026-07-23,QQQ,追蹤清單,691.96,持倉中,725.51,-0.0462,續抱。浮動損益 -4.62%，目前停損價位約 $685.36
2026-07-23,AAPL,追蹤清單,321.66,持倉中,315.32,0.0201,續抱。浮動損益 2.01%，目前停損價位約 $311.38
2026-07-23,MSFT,追蹤清單,381.58,空手,,,空手觀望，尚未出現買進訊號
2026-07-23,XOM,追蹤清單,156.89,空手,,,空手觀望，尚未出現買進訊號
2026-07-23,PYPL,追蹤清單,56.00,持倉中,56.78,-0.0138,續抱。浮動損益 -1.38%，目前停損價位約 $50.79
2026-07-23,INTC,追蹤清單,100.23,空手,109.84,-0.0879,賣出訊號！原因：均線死亡交叉，這筆交易報酬約 -8.79%（已計入滑價）
2026-07-23,AAOI,moomoo清單,112.02,空手,,,空手觀望，尚未出現買進訊號
2026-07-23,GLW,moomoo清單,156.06,持倉中,159.18,-0.0196,續抱。浮動損益 -1.96%，目前停損價位約 $124.53
2026-07-23,DELL,moomoo清單,439.34,持倉中,404.59,0.0859,續抱。浮動損益 8.59%，目前停損價位約 $344.68
2026-07-23,AVGO,moomoo清單,392.47,空手,,,空手觀望，尚未出現買進訊號
2026-07-23,ARM,moomoo清單,283.04,持倉中,256.42,0.1038,續抱。浮動損益 10.38%，目前停損價位約 $221.72
2026-07-23,NOK,今日熱門,9.73,空手,,,空手觀望，尚未出現買進訊號
2026-07-23,NU,今日熱門,14.19,持倉中,13.88,0.0223,續抱。浮動損益 2.23%，目前停損價位約 $12.95
2026-07-23,AAL,今日熱門,13.56,持倉中,13.56,0.0000,買進訊號！建議投入資金比例約 12%（已計入滑價，實際成交約 $13.56）
2026-07-23,TSLA,今日熱門,319.69,空手,,,空手觀望，尚未出現買進訊號
2026-07-23,T,今日熱門,22.96,空手,,,空手觀望，尚未出現買進訊號
2026-07-23,NVDA,今日熱門,208.76,空手,,,空手觀望，尚未出現買進訊號
2026-07-23,ONDS,今日熱門,7.93,空手,,,空手觀望，尚未出現買進訊號
2026-07-23,OPEN,今日熱門,3.85,空手,,,空手觀望，尚未出現買進訊號
2026-07-23,SMCI,今日熱門,31.20,空手,,,空手觀望，尚未出現買進訊號
2026-07-23,SOFI,今日熱門,16.65,持倉中,18.78,-0.1134,續抱。浮動損益 -11.34%，目前停損價位約 $16.21
2026-07-23,SPCX,今日熱門,118.24,空手,,,空手觀望，尚未出現買進訊號
2026-07-23,HBAN,今日熱門,17.40,持倉中,17.41,0.0000,買進訊號！建議投入資金比例約 27%（已計入滑價，實際成交約 $17.41）
2026-07-23,CLF,今日熱門,10.96,空手,,,空手觀望，尚未出現買進訊號
2026-07-23,F,今日熱門,14.15,持倉中,14.00,0.0107,續抱。浮動損益 1.07%，目前停損價位約 $13.22
2026-07-23,GOOGL,今日熱門,317.69,空手,,,空手觀望，尚未出現買進訊號
2026-07-23,QS,今日熱門,5.11,空手,,,空手觀望，尚未出現買進訊號
2026-07-23,JOBY,今日熱門,7.54,空手,,,空手觀望，尚未出現買進訊號
2026-07-23,MARA,今日熱門,12.77,空手,,,空手觀望，尚未出現買進訊號
2026-07-23,NOW,今日熱門,91.94,持倉中,91.99,0.0000,買進訊號！建議投入資金比例約 10%（已計入滑價，實際成交約 $91.99）
2026-07-23,SOUN,今日熱門,6.22,空手,,,空手觀望，尚未出現買進訊號
2026-07-23,HL,今日熱門,15.32,空手,,,空手觀望，尚未出現買進訊號
2026-07-23,ACI,今日熱門,11.44,空手,,,空手觀望，尚未出現買進訊號
2026-07-23,RIG,今日熱門,5.32,空手,,,空手觀望，尚未出現買進訊號
2026-07-23,CMCSA,今日熱門,21.92,空手,,,空手觀望，尚未出現買進訊號
2026-07-24,BTC-USD,追蹤清單,64094.77,空手,,,空手觀望，尚未出現買進訊號
2026-07-24,ETH-USD,追蹤清單,1858.34,持倉中,1898.12,-0.0210,續抱。浮動損益 -2.10%，目前停損價位約 $1749.33
2026-07-24,QQQ,追蹤清單,684.23,空手,725.51,-0.0574,賣出訊號！原因：ATR停損，這筆交易報酬約 -5.74%（已計入滑價）
2026-07-24,AAPL,追蹤清單,333.02,持倉中,315.32,0.0561,續抱。浮動損益 5.61%，目前停損價位約 $310.19
2026-07-24,MSFT,追蹤清單,381.70,空手,,,空手觀望，尚未出現買進訊號
2026-07-24,XOM,追蹤清單,156.94,空手,,,空手觀望，尚未出現買進訊號
2026-07-24,PYPL,追蹤清單,56.15,持倉中,56.78,-0.0112,續抱。浮動損益 -1.12%，目前停損價位約 $50.88
2026-07-24,INTC,追蹤清單,92.32,空手,,,空手觀望，尚未出現買進訊號
2026-07-24,AAOI,moomoo清單,100.15,空手,,,空手觀望，尚未出現買進訊號
2026-07-24,GLW,moomoo清單,146.65,持倉中,159.18,-0.0787,續抱。浮動損益 -7.87%，目前停損價位約 $125.04
2026-07-24,DELL,moomoo清單,437.50,持倉中,404.59,0.0813,續抱。浮動損益 8.13%，目前停損價位約 $348.41
2026-07-24,AVGO,moomoo清單,381.92,空手,,,空手觀望，尚未出現買進訊號
2026-07-24,ARM,moomoo清單,260.01,空手,256.42,0.0135,賣出訊號！原因：均線死亡交叉，這筆交易報酬約 1.35%（已計入滑價）
2026-07-24,NOK,今日熱門,9.10,空手,,,空手觀望，尚未出現買進訊號
2026-07-24,NVDA,今日熱門,206.84,空手,,,空手觀望，尚未出現買進訊號
2026-07-24,ONDS,今日熱門,7.80,空手,,,空手觀望，尚未出現買進訊號
2026-07-24,SOFI,今日熱門,16.46,持倉中,18.78,-0.1235,續抱。浮動損益 -12.35%，目前停損價位約 $16.30
2026-07-24,NU,今日熱門,14.09,持倉中,13.88,0.0151,續抱。浮動損益 1.51%，目前停損價位約 $13.01
2026-07-24,T,今日熱門,24.13,空手,,,空手觀望，尚未出現買進訊號
2026-07-24,F,今日熱門,14.37,空手,14.00,0.0259,賣出訊號！原因：均線死亡交叉，這筆交易報酬約 2.59%（已計入滑價）
2026-07-24,AAL,今日熱門,14.48,持倉中,13.56,0.0673,續抱。浮動損益 6.73%，目前停損價位約 $12.20
2026-07-24,CLF,今日熱門,11.93,空手,,,空手觀望，尚未出現買進訊號
2026-07-24,PATH,今日熱門,10.84,持倉中,11.68,-0.0719,續抱。浮動損益 -7.19%，目前停損價位約 $9.82
2026-07-24,TSLA,今日熱門,313.03,空手,,,空手觀望，尚未出現買進訊號
2026-07-24,GRAB,今日熱門,3.31,持倉中,3.57,-0.0733,續抱。浮動損益 -7.33%，目前停損價位約 $3.13
2026-07-24,MARA,今日熱門,12.12,空手,,,空手觀望，尚未出現買進訊號
2026-07-24,SPCX,今日熱門,115.07,空手,,,空手觀望，尚未出現買進訊號
2026-07-24,RIG,今日熱門,5.35,空手,,,空手觀望，尚未出現買進訊號
2026-07-24,SMCI,今日熱門,30.10,空手,,,空手觀望，尚未出現買進訊號
2026-07-24,OPEN,今日熱門,3.84,空手,,,空手觀望，尚未出現買進訊號
2026-07-24,AMC,今日熱門,2.27,持倉中,2.46,-0.0777,續抱。浮動損益 -7.77%，目前停損價位約 $1.81
2026-07-24,ORCL,今日熱門,114.99,空手,,,空手觀望，尚未出現買進訊號
2026-07-24,CMCSA,今日熱門,22.30,空手,,,空手觀望，尚未出現買進訊號
2026-07-24,HBAN,今日熱門,17.36,持倉中,17.41,-0.0028,續抱。浮動損益 -0.28%，目前停損價位約 $16.12
2026-07-24,FRMI,今日熱門,7.40,持倉中,6.59,0.1229,續抱。浮動損益 12.29%，目前停損價位約 $5.37
2026-07-24,PLUG,今日熱門,2.09,空手,,,空手觀望，尚未出現買進訊號
2026-07-25,BTC-USD,追蹤清單,64358.50,持倉中,64422.86,0.0000,買進訊號！建議投入資金比例約 28%（已計入滑價，實際成交約 $64422.86）
2026-07-25,ETH-USD,追蹤清單,1873.87,持倉中,1898.12,-0.0128,續抱。浮動損益 -1.28%，目前停損價位約 $1752.63
2026-07-23,QQQ,追蹤清單,691.96,持倉中,692.31,0.0000,買進訊號！建議投入資金比例約 34%（已計入滑價，實際成交約 $692.31）
2026-07-23,AAPL,追蹤清單,321.66,持倉中,315.32,0.0201,續抱。浮動損益 2.01%，目前停損價位約 $311.38
2026-07-23,MSFT,追蹤清單,381.58,空手,,,空手觀望，尚未出現買進訊號
2026-07-23,XOM,追蹤清單,156.89,空手,,,空手觀望，尚未出現買進訊號
2026-07-23,PYPL,追蹤清單,56.00,持倉中,56.78,-0.0138,續抱。浮動損益 -1.38%，目前停損價位約 $50.79
2026-07-23,INTC,追蹤清單,100.23,空手,,,空手觀望，尚未出現買進訊號
2026-07-23,AAOI,moomoo清單,112.02,空手,,,空手觀望，尚未出現買進訊號
2026-07-23,GLW,moomoo清單,156.06,持倉中,159.18,-0.0196,續抱。浮動損益 -1.96%，目前停損價位約 $124.52
2026-07-23,DELL,moomoo清單,439.34,持倉中,404.59,0.0859,續抱。浮動損益 8.59%，目前停損價位約 $344.68
2026-07-23,AVGO,moomoo清單,392.47,空手,,,空手觀望，尚未出現買進訊號
2026-07-23,ARM,moomoo清單,283.04,持倉中,283.18,0.0000,買進訊號！建議投入資金比例約 8%（已計入滑價，實際成交約 $283.18）
2026-07-23,NOK,今日熱門,9.73,空手,,,空手觀望，尚未出現買進訊號
2026-07-23,NVDA,今日熱門,208.76,空手,,,空手觀望，尚未出現買進訊號
2026-07-23,ONDS,今日熱門,7.93,空手,,,空手觀望，尚未出現買進訊號
2026-07-23,SOFI,今日熱門,16.65,持倉中,18.78,-0.1134,續抱。浮動損益 -11.34%，目前停損價位約 $16.21
2026-07-23,NU,今日熱門,14.19,持倉中,13.88,0.0223,續抱。浮動損益 2.23%，目前停損價位約 $12.95
2026-07-23,T,今日熱門,22.96,空手,,,空手觀望，尚未出現買進訊號
2026-07-23,F,今日熱門,14.15,持倉中,14.16,0.0000,買進訊號！建議投入資金比例約 24%（已計入滑價，實際成交約 $14.16）
2026-07-23,AAL,今日熱門,13.56,持倉中,13.56,-0.0001,續抱。浮動損益 -0.01%，目前停損價位約 $12.25
2026-07-23,CLF,今日熱門,10.96,空手,,,空手觀望，尚未出現買進訊號
2026-07-23,PATH,今日熱門,10.20,持倉中,11.68,-0.1267,續抱。浮動損益 -12.67%，目前停損價位約 $9.79
2026-07-23,TSLA,今日熱門,319.69,空手,,,空手觀望，尚未出現買進訊號
2026-07-23,MARA,今日熱門,12.77,空手,,,空手觀望，尚未出現買進訊號
2026-07-23,GRAB,今日熱門,3.30,持倉中,3.57,-0.0761,續抱。浮動損益 -7.61%，目前停損價位約 $3.08
2026-07-23,SPCX,今日熱門,118.24,空手,,,空手觀望，尚未出現買進訊號
2026-07-23,RIG,今日熱門,5.32,空手,,,空手觀望，尚未出現買進訊號
2026-07-23,SMCI,今日熱門,31.20,空手,,,空手觀望，尚未出現買進訊號
2026-07-23,AMC,今日熱門,2.28,持倉中,2.46,-0.0736,續抱。浮動損益 -7.36%，目前停損價位約 $1.82
2026-07-23,OPEN,今日熱門,3.85,空手,,,空手觀望，尚未出現買進訊號
2026-07-23,ORCL,今日熱門,120.04,空手,,,空手觀望，尚未出現買進訊號
2026-07-23,CMCSA,今日熱門,21.92,空手,,,空手觀望，尚未出現買進訊號
2026-07-23,VZ,今日熱門,43.82,空手,,,空手觀望，尚未出現買進訊號
2026-07-23,HBAN,今日熱門,17.40,持倉中,17.41,-0.0005,續抱。浮動損益 -0.05%，目前停損價位約 $16.11
2026-07-23,FRMI,今日熱門,6.32,持倉中,6.59,-0.0410,續抱。浮動損益 -4.10%，目前停損價位約 $5.46
2026-07-26,BTC-USD,追蹤清單,65320.70,持倉中,64422.86,0.0139,續抱。浮動損益 1.39%，目前停損價位約 $60666.82
2026-07-26,ETH-USD,追蹤清單,1948.56,持倉中,1898.12,0.0266,續抱。浮動損益 2.66%，目前停損價位約 $1758.62
2026-07-23,QQQ,追蹤清單,691.96,持倉中,692.31,-0.0005,續抱。浮動損益 -0.05%，目前停損價位約 $651.80
2026-07-23,AAPL,追蹤清單,321.66,持倉中,315.32,0.0201,續抱。浮動損益 2.01%，目前停損價位約 $311.38
2026-07-23,MSFT,追蹤清單,381.58,空手,,,空手觀望，尚未出現買進訊號
2026-07-23,XOM,追蹤清單,156.89,空手,,,空手觀望，尚未出現買進訊號
2026-07-23,PYPL,追蹤清單,56.00,持倉中,56.78,-0.0138,續抱。浮動損益 -1.38%，目前停損價位約 $50.79
2026-07-23,INTC,追蹤清單,100.23,空手,,,空手觀望，尚未出現買進訊號
2026-07-23,AAOI,moomoo清單,112.02,空手,,,空手觀望，尚未出現買進訊號
2026-07-23,GLW,moomoo清單,156.06,持倉中,159.18,-0.0196,續抱。浮動損益 -1.96%，目前停損價位約 $124.52
2026-07-23,DELL,moomoo清單,439.34,持倉中,404.59,0.0859,續抱。浮動損益 8.59%，目前停損價位約 $344.68
2026-07-23,AVGO,moomoo清單,392.47,空手,,,空手觀望，尚未出現買進訊號
2026-07-23,ARM,moomoo清單,283.04,持倉中,283.18,-0.0005,續抱。浮動損益 -0.05%，目前停損價位約 $215.03
2026-07-23,NOK,今日熱門,9.73,空手,,,空手觀望，尚未出現買進訊號
2026-07-23,NVDA,今日熱門,208.76,空手,,,空手觀望，尚未出現買進訊號
2026-07-23,ONDS,今日熱門,7.93,空手,,,空手觀望，尚未出現買進訊號
2026-07-23,SOFI,今日熱門,16.65,持倉中,18.78,-0.1134,續抱。浮動損益 -11.34%，目前停損價位約 $16.21
2026-07-23,NU,今日熱門,14.19,持倉中,13.88,0.0223,續抱。浮動損益 2.23%，目前停損價位約 $12.95
2026-07-23,T,今日熱門,22.96,空手,,,空手觀望，尚未出現買進訊號
2026-07-23,F,今日熱門,14.15,持倉中,14.16,-0.0005,續抱。浮動損益 -0.05%，目前停損價位約 $12.95
2026-07-23,AAL,今日熱門,13.56,持倉中,13.56,-0.0001,續抱。浮動損益 -0.01%，目前停損價位約 $12.25
2026-07-23,CLF,今日熱門,10.96,空手,,,空手觀望，尚未出現買進訊號
2026-07-23,PATH,今日熱門,10.20,持倉中,11.68,-0.1267,續抱。浮動損益 -12.67%，目前停損價位約 $9.79
2026-07-23,TSLA,今日熱門,319.69,空手,,,空手觀望，尚未出現買進訊號
2026-07-23,GRAB,今日熱門,3.30,持倉中,3.57,-0.0761,續抱。浮動損益 -7.61%，目前停損價位約 $3.08
2026-07-23,MARA,今日熱門,12.77,空手,,,空手觀望，尚未出現買進訊號
2026-07-23,SPCX,今日熱門,118.24,空手,,,空手觀望，尚未出現買進訊號
2026-07-23,SMCI,今日熱門,31.20,空手,,,空手觀望，尚未出現買進訊號
2026-07-23,RIG,今日熱門,5.32,空手,,,空手觀望，尚未出現買進訊號
2026-07-23,CMCSA,今日熱門,21.92,空手,,,空手觀望，尚未出現買進訊號
2026-07-23,ORCL,今日熱門,120.04,空手,,,空手觀望，尚未出現買進訊號
2026-07-23,AMC,今日熱門,2.28,持倉中,2.46,-0.0736,續抱。浮動損益 -7.36%，目前停損價位約 $1.82
2026-07-23,OPEN,今日熱門,3.85,空手,,,空手觀望，尚未出現買進訊號
2026-07-23,VZ,今日熱門,43.82,空手,,,空手觀望，尚未出現買進訊號
2026-07-23,MU,今日熱門,990.21,持倉中,904.28,0.0950,續抱。浮動損益 9.50%，目前停損價位約 $775.52
2026-07-23,FRMI,今日熱門,6.32,持倉中,6.59,-0.0410,續抱。浮動損益 -4.10%，目前停損價位約 $5.46
2026-07-27,BTC-USD,追蹤清單,63682.40,持倉中,64422.86,-0.0115,續抱。浮動損益 -1.15%，目前停損價位約 $60766.28
2026-07-27,ETH-USD,追蹤清單,1884.96,持倉中,1898.12,-0.0069,續抱。浮動損益 -0.69%，目前停損價位約 $1756.24
2026-07-27,QQQ,追蹤清單,682.12,空手,692.31,-0.0152,賣出訊號！原因：均線死亡交叉，這筆交易報酬約 -1.52%（已計入滑價）
2026-07-27,AAPL,追蹤清單,336.91,持倉中,315.32,0.0685,續抱。浮動損益 6.85%，目前停損價位約 $313.10
2026-07-27,MSFT,追蹤清單,389.10,空手,,,空手觀望，尚未出現買進訊號
2026-07-27,XOM,追蹤清單,154.77,空手,,,空手觀望，尚未出現買進訊號
2026-07-27,PYPL,追蹤清單,56.07,持倉中,56.78,-0.0126,續抱。浮動損益 -1.26%，目前停損價位約 $50.85
2026-07-27,INTC,追蹤清單,91.67,空手,,,空手觀望，尚未出現買進訊號
2026-07-27,AAOI,moomoo清單,97.82,空手,,,空手觀望，尚未出現買進訊號
2026-07-27,GLW,moomoo清單,143.36,空手,159.18,-0.0998,賣出訊號！原因：均線死亡交叉，這筆交易報酬約 -9.98%（已計入滑價）
2026-07-27,DELL,moomoo清單,426.91,持倉中,404.59,0.0552,續抱。浮動損益 5.52%，目前停損價位約 $347.23
2026-07-27,AVGO,moomoo清單,383.22,空手,,,空手觀望，尚未出現買進訊號
2026-07-27,ARM,moomoo清單,266.33,空手,283.18,-0.0600,賣出訊號！原因：均線死亡交叉，這筆交易報酬約 -6.00%（已計入滑價）
2026-07-27,NVDA,今日熱門,196.51,空手,,,空手觀望，尚未出現買進訊號
2026-07-27,NOK,今日熱門,9.28,空手,,,空手觀望，尚未出現買進訊號
2026-07-27,AAL,今日熱門,14.95,持倉中,13.56,0.1024,續抱。浮動損益 10.24%，目前停損價位約 $12.69
2026-07-27,T,今日熱門,24.42,空手,,,空手觀望，尚未出現買進訊號
2026-07-27,ONDS,今日熱門,8.02,空手,,,空手觀望，尚未出現買進訊號
2026-07-27,NU,今日熱門,14.53,持倉中,13.88,0.0468,續抱。浮動損益 4.68%，目前停損價位約 $13.07
2026-07-27,SOFI,今日熱門,16.88,持倉中,18.78,-0.1012,續抱。浮動損益 -10.12%，目前停損價位約 $16.30
2026-07-27,SPCX,今日熱門,113.50,空手,,,空手觀望，尚未出現買進訊號
2026-07-27,RIG,今日熱門,5.28,空手,,,空手觀望，尚未出現買進訊號
2026-07-27,PLUG,今日熱門,2.06,空手,,,空手觀望，尚未出現買進訊號
2026-07-27,F,今日熱門,14.68,空手,14.16,0.0364,賣出訊號！原因：均線死亡交叉，這筆交易報酬約 3.64%（已計入滑價）
2026-07-27,BMNR,今日熱門,17.92,空手,,,空手觀望，尚未出現買進訊號
2026-07-27,PATH,今日熱門,11.62,持倉中,11.68,-0.0051,續抱。浮動損益 -0.51%，目前停損價位約 $9.80
2026-07-27,JOBY,今日熱門,7.37,空手,,,空手觀望，尚未出現買進訊號
2026-07-27,JBLU,今日熱門,5.43,持倉中,5.43,0.0000,買進訊號！建議投入資金比例約 11%（已計入滑價，實際成交約 $5.43）
2026-07-27,AMC,今日熱門,2.51,持倉中,2.46,0.0198,續抱。浮動損益 1.98%，目前停損價位約 $1.82
2026-07-27,SKHY,今日熱門,143.02,空手,,,空手觀望，尚未出現買進訊號
2026-07-27,INFY,今日熱門,11.70,空手,,,空手觀望，尚未出現買進訊號
2026-07-27,GRAB,今日熱門,3.35,持倉中,3.57,-0.0621,續抱。浮動損益 -6.21%，目前停損價位約 $3.14
2026-07-27,QBTS,今日熱門,19.51,空手,,,空手觀望，尚未出現買進訊號
2026-07-27,MARA,今日熱門,11.77,空手,,,空手觀望，尚未出現買進訊號
2026-07-27,SOUN,今日熱門,6.41,空手,,,空手觀望，尚未出現買進訊號
2026-07-27,MU,今日熱門,900.20,持倉中,904.28,-0.0045,續抱。浮動損益 -0.45%，目前停損價位約 $769.15
2026-07-27,HL,今日熱門,15.19,空手,,,空手觀望，尚未出現買進訊號
2026-07-28,BTC-USD,追蹤清單,63568.21,持倉中,64422.86,-0.0133,續抱。浮動損益 -1.33%，目前停損價位約 $61109.51
2026-07-28,ETH-USD,追蹤清單,1903.95,持倉中,1898.12,0.0031,續抱。浮動損益 0.31%，目前停損價位約 $1767.80
2026-07-28,QQQ,追蹤清單,675.49,空手,,,空手觀望，尚未出現買進訊號
2026-07-28,AAPL,追蹤清單,340.08,持倉中,315.32,0.0785,續抱。浮動損益 7.85%，目前停損價位約 $316.38
2026-07-28,MSFT,追蹤清單,393.35,空手,,,空手觀望，尚未出現買進訊號
2026-07-28,XOM,追蹤清單,153.04,空手,,,空手觀望，尚未出現買進訊號
2026-07-28,PYPL,追蹤清單,58.32,持倉中,56.78,0.0270,續抱。浮動損益 2.70%，目前停損價位約 $51.98
2026-07-28,INTC,追蹤清單,86.30,空手,,,空手觀望，尚未出現買進訊號
2026-07-28,AAOI,moomoo清單,88.14,空手,,,空手觀望，尚未出現買進訊號
2026-07-28,GLW,moomoo清單,126.01,空手,,,空手觀望，尚未出現買進訊號
2026-07-28,DELL,moomoo清單,392.10,持倉中,404.59,-0.0309,續抱。浮動損益 -3.09%，目前停損價位約 $340.23
2026-07-28,AVGO,moomoo清單,380.91,空手,,,空手觀望，尚未出現買進訊號
2026-07-28,ARM,moomoo清單,244.74,空手,,,空手觀望，尚未出現買進訊號
2026-07-28,NVDA,今日熱門,197.01,空手,,,空手觀望，尚未出現買進訊號
2026-07-28,NOK,今日熱門,8.93,空手,,,空手觀望，尚未出現買進訊號
2026-07-28,AAL,今日熱門,15.36,持倉中,13.56,0.1326,續抱。浮動損益 13.26%，目前停損價位約 $13.19
2026-07-28,JBLU,今日熱門,6.00,持倉中,5.43,0.1044,續抱。浮動損益 10.44%，目前停損價位約 $4.91
2026-07-28,PLUG,今日熱門,1.96,空手,,,空手觀望，尚未出現買進訊號
2026-07-28,SOFI,今日熱門,16.74,持倉中,18.78,-0.1086,續抱。浮動損益 -10.86%，目前停損價位約 $16.29
2026-07-28,SPCX,今日熱門,116.41,空手,,,空手觀望，尚未出現買進訊號
2026-07-28,F,今日熱門,14.96,空手,,,空手觀望，尚未出現買進訊號
2026-07-28,ONDS,今日熱門,7.86,空手,,,空手觀望，尚未出現買進訊號
2026-07-28,AMC,今日熱門,2.67,持倉中,2.46,0.0848,續抱。浮動損益 8.48%，目前停損價位約 $2.00
2026-07-28,MARA,今日熱門,11.38,空手,,,空手觀望，尚未出現買進訊號
2026-07-28,NU,今日熱門,14.68,持倉中,13.88,0.0576,續抱。浮動損益 5.76%，目前停損價位約 $13.20
2026-07-28,MU,今日熱門,820.53,持倉中,904.28,-0.0926,續抱。浮動損益 -9.26%，目前停損價位約 $757.89
2026-07-28,T,今日熱門,24.66,空手,,,空手觀望，尚未出現買進訊號
2026-07-28,PATH,今日熱門,12.19,持倉中,11.68,0.0437,續抱。浮動損益 4.37%，目前停損價位約 $9.74
2026-07-28,RIG,今日熱門,4.99,空手,,,空手觀望，尚未出現買進訊號
2026-07-28,QS,今日熱門,5.17,空手,,,空手觀望，尚未出現買進訊號
2026-07-28,SKHY,今日熱門,130.17,空手,,,空手觀望，尚未出現買進訊號
2026-07-28,PLTR,今日熱門,123.53,空手,,,空手觀望，尚未出現買進訊號
2026-07-28,PFE,今日熱門,25.25,空手,,,空手觀望，尚未出現買進訊號
2026-07-28,SOUN,今日熱門,6.24,空手,,,空手觀望，尚未出現買進訊號
2026-07-28,SNAP,今日熱門,4.77,空手,,,空手觀望，尚未出現買進訊號
2026-07-29,BTC-USD,追蹤清單,63840.01,持倉中,64422.86,-0.0090,續抱。浮動損益 -0.90%，目前停損價位約 $61012.06
2026-07-29,ETH-USD,追蹤清單,1901.91,持倉中,1898.12,0.0020,續抱。浮動損益 0.20%，目前停損價位約 $1773.49
2026-07-29,QQQ,追蹤清單,661.73,空手,,,空手觀望，尚未出現買進訊號
2026-07-29,AAPL,追蹤清單,338.19,持倉中,315.32,0.0725,續抱。浮動損益 7.25%，目前停損價位約 $316.62
2026-07-29,MSFT,追蹤清單,390.54,空手,,,空手觀望，尚未出現買進訊號
2026-07-29,XOM,追蹤清單,156.75,空手,,,空手觀望，尚未出現買進訊號
2026-07-29,PYPL,追蹤清單,58.35,持倉中,56.78,0.0276,續抱。浮動損益 2.76%，目前停損價位約 $52.03
2026-07-29,INTC,追蹤清單,81.88,空手,,,空手觀望，尚未出現買進訊號
2026-07-29,AAOI,moomoo清單,76.52,空手,,,空手觀望，尚未出現買進訊號
2026-07-29,GLW,moomoo清單,124.05,空手,,,空手觀望，尚未出現買進訊號
2026-07-29,DELL,moomoo清單,369.64,持倉中,404.59,-0.0864,續抱。浮動損益 -8.64%，目前停損價位約 $339.79
2026-07-29,AVGO,moomoo清單,370.32,空手,,,空手觀望，尚未出現買進訊號
2026-07-29,ARM,moomoo清單,224.89,空手,,,空手觀望，尚未出現買進訊號
2026-07-29,SOFI,今日熱門,15.25,空手,18.78,-0.1884,賣出訊號！原因：ATR停損，這筆交易報酬約 -18.84%（已計入滑價）
2026-07-29,NVDA,今日熱門,190.01,空手,,,空手觀望，尚未出現買進訊號
2026-07-29,F,今日熱門,15.28,空手,,,空手觀望，尚未出現買進訊號
2026-07-29,NOK,今日熱門,8.41,空手,,,空手觀望，尚未出現買進訊號
2026-07-29,JBLU,今日熱門,5.72,持倉中,5.43,0.0529,續抱。浮動損益 5.29%，目前停損價位約 $4.91
2026-07-29,T,今日熱門,23.94,空手,,,空手觀望，尚未出現買進訊號
2026-07-29,IREN,今日熱門,29.31,空手,,,空手觀望，尚未出現買進訊號
2026-07-29,SKHY,今日熱門,126.79,空手,,,空手觀望，尚未出現買進訊號
2026-07-29,MU,今日熱門,739.00,空手,904.28,-0.1832,賣出訊號！原因：ATR停損，這筆交易報酬約 -18.32%（已計入滑價）
2026-07-29,AAL,今日熱門,14.84,持倉中,13.56,0.0943,續抱。浮動損益 9.43%，目前停損價位約 $13.23
2026-07-29,PLUG,今日熱門,1.90,空手,,,空手觀望，尚未出現買進訊號
2026-07-29,PATH,今日熱門,12.59,持倉中,11.68,0.0779,續抱。浮動損益 7.79%，目前停損價位約 $10.20
2026-07-29,GRAB,今日熱門,3.35,持倉中,3.57,-0.0621,續抱。浮動損益 -6.21%，目前停損價位約 $3.14
2026-07-29,ONDS,今日熱門,6.80,空手,,,空手觀望，尚未出現買進訊號
2026-07-29,RIG,今日熱門,4.95,空手,,,空手觀望，尚未出現買進訊號
2026-07-29,SPCX,今日熱門,112.55,空手,,,空手觀望，尚未出現買進訊號
2026-07-29,BSX,今日熱門,46.04,空手,,,空手觀望，尚未出現買進訊號
2026-07-29,WULF,今日熱門,15.09,空手,19.41,-0.2230,賣出訊號！原因：均線死亡交叉，這筆交易報酬約 -22.30%（已計入滑價）
2026-07-29,RKT,今日熱門,13.70,持倉中,14.91,-0.0810,續抱。浮動損益 -8.10%，目前停損價位約 $12.82
2026-07-29,SOUN,今日熱門,5.70,空手,,,空手觀望，尚未出現買進訊號
2026-07-29,NU,今日熱門,14.04,持倉中,13.88,0.0115,續抱。浮動損益 1.15%，目前停損價位約 $13.20
2026-07-29,BE,今日熱門,163.75,空手,,,空手觀望，尚未出現買進訊號
2026-07-29,MARA,今日熱門,10.05,空手,,,空手觀望，尚未出現買進訊號
2026-07-30,BTC-USD,追蹤清單,64862.77,持倉中,64422.86,0.0068,續抱。浮動損益 0.68%，目前停損價位約 $60939.45
2026-07-30,ETH-USD,追蹤清單,1926.40,持倉中,1898.12,0.0149,續抱。浮動損益 1.49%，目前停損價位約 $1778.18
2026-07-30,QQQ,追蹤清單,683.55,空手,,,空手觀望，尚未出現買進訊號
2026-07-30,AAPL,追蹤清單,333.43,持倉中,315.32,0.0574,續抱。浮動損益 5.74%，目前停損價位約 $315.79
2026-07-30,MSFT,追蹤清單,451.10,空手,,,空手觀望，尚未出現買進訊號
2026-07-30,XOM,追蹤清單,156.97,持倉中,157.05,0.0000,買進訊號！建議投入資金比例約 28%（已計入滑價，實際成交約 $157.05）
2026-07-30,PYPL,追蹤清單,57.65,持倉中,56.78,0.0152,續抱。浮動損益 1.52%，目前停損價位約 $51.90
2026-07-30,INTC,追蹤清單,91.13,空手,,,空手觀望，尚未出現買進訊號
2026-07-30,AAOI,moomoo清單,90.11,空手,,,空手觀望，尚未出現買進訊號
2026-07-30,GLW,moomoo清單,135.22,空手,,,空手觀望，尚未出現買進訊號
2026-07-30,DELL,moomoo清單,404.81,持倉中,404.59,0.0005,續抱。浮動損益 0.05%，目前停損價位約 $334.64
2026-07-30,AVGO,moomoo清單,387.84,空手,,,空手觀望，尚未出現買進訊號
2026-07-30,ARM,moomoo清單,241.54,空手,,,空手觀望，尚未出現買進訊號
2026-07-30,NVDA,今日熱門,195.04,空手,,,空手觀望，尚未出現買進訊號
2026-07-30,NOK,今日熱門,9.09,空手,,,空手觀望，尚未出現買進訊號
2026-07-30,SOFI,今日熱門,16.47,持倉中,16.48,0.0000,買進訊號！建議投入資金比例約 12%（已計入滑價，實際成交約 $16.48）
2026-07-30,IREN,今日熱門,38.26,空手,,,空手觀望，尚未出現買進訊號
2026-07-30,AMZN,今日熱門,235.50,空手,,,空手觀望，尚未出現買進訊號
2026-07-30,PATH,今日熱門,12.37,持倉中,11.68,0.0591,續抱。浮動損益 5.91%，目前停損價位約 $10.15
2026-07-30,KEEL,今日熱門,4.05,空手,3.94,0.0282,賣出訊號！原因：均線死亡交叉，這筆交易報酬約 2.82%（已計入滑價）
2026-07-30,ABEV,今日熱門,3.12,空手,,,空手觀望，尚未出現買進訊號
2026-07-30,MU,今日熱門,874.66,空手,,,空手觀望，尚未出現買進訊號
2026-07-30,SPCX,今日熱門,112.20,空手,,,空手觀望，尚未出現買進訊號
2026-07-30,ONDS,今日熱門,7.58,空手,,,空手觀望，尚未出現買進訊號
2026-07-30,RIG,今日熱門,5.08,空手,,,空手觀望，尚未出現買進訊號
2026-07-30,F,今日熱門,14.86,空手,,,空手觀望，尚未出現買進訊號
2026-07-30,PLUG,今日熱門,2.09,空手,,,空手觀望，尚未出現買進訊號
2026-07-30,SKHY,今日熱門,149.00,空手,,,空手觀望，尚未出現買進訊號
2026-07-30,NU,今日熱門,14.49,持倉中,13.88,0.0439,續抱。浮動損益 4.39%，目前停損價位約 $13.19
2026-07-30,NFLX,今日熱門,73.17,空手,,,空手觀望，尚未出現買進訊號
2026-07-30,JBLU,今日熱門,6.07,持倉中,5.43,0.1173,續抱。浮動損益 11.73%，目前停損價位約 $4.94
2026-07-30,AAL,今日熱門,15.43,持倉中,13.56,0.1378,續抱。浮動損益 13.78%，目前停損價位約 $13.29
2026-07-30,MARA,今日熱門,11.82,空手,,,空手觀望，尚未出現買進訊號
2026-07-30,WULF,今日熱門,17.82,空手,,,空手觀望，尚未出現買進訊號
2026-07-30,T,今日熱門,23.21,空手,,,空手觀望，尚未出現買進訊號
2026-07-31,BTC-USD,追蹤清單,62924.57,持倉中,64422.86,-0.0233,續抱。浮動損益 -2.33%，目前停損價位約 $60719.15
2026-07-31,ETH-USD,追蹤清單,1862.18,持倉中,1898.12,-0.0189,續抱。浮動損益 -1.89%，目前停損價位約 $1774.13
2026-07-31,QQQ,追蹤清單,687.99,空手,,,空手觀望，尚未出現買進訊號
2026-07-31,AAPL,追蹤清單,308.91,空手,315.32,-0.0208,賣出訊號！原因：ATR停損，這筆交易報酬約 -2.08%（已計入滑價）
2026-07-31,MSFT,追蹤清單,464.72,空手,,,空手觀望，尚未出現買進訊號
2026-07-31,XOM,追蹤清單,155.44,持倉中,157.05,-0.0102,續抱。浮動損益 -1.02%，目前停損價位約 $146.06
2026-07-31,PYPL,追蹤清單,57.21,持倉中,56.78,0.0075,續抱。浮動損益 0.75%，目前停損價位約 $52.13
2026-07-31,INTC,追蹤清單,90.20,空手,,,空手觀望，尚未出現買進訊號
2026-07-31,AAOI,moomoo清單,94.32,空手,,,空手觀望，尚未出現買進訊號
2026-07-31,GLW,moomoo清單,138.25,空手,,,空手觀望，尚未出現買進訊號
2026-07-31,DELL,moomoo清單,405.37,持倉中,404.59,0.0019,續抱。浮動損益 0.19%，目前停損價位約 $331.84
2026-07-31,AVGO,moomoo清單,389.28,空手,,,空手觀望，尚未出現買進訊號
2026-07-31,ARM,moomoo清單,239.69,空手,,,空手觀望，尚未出現買進訊號
2026-07-31,AMZN,今日熱門,271.58,空手,,,空手觀望，尚未出現買進訊號
2026-07-31,NVDA,今日熱門,200.75,空手,,,空手觀望，尚未出現買進訊號
2026-07-31,NOK,今日熱門,9.14,空手,,,空手觀望，尚未出現買進訊號
2026-07-31,RIG,今日熱門,5.32,空手,,,空手觀望，尚未出現買進訊號
2026-07-31,RBLX,今日熱門,35.60,持倉中,35.62,0.0000,買進訊號！建議投入資金比例約 7%（已計入滑價，實際成交約 $35.62）
2026-07-31,IREN,今日熱門,36.80,空手,,,空手觀望，尚未出現買進訊號
2026-07-31,ONDS,今日熱門,7.49,空手,,,空手觀望，尚未出現買進訊號
2026-07-31,SPCX,今日熱門,108.37,空手,,,空手觀望，尚未出現買進訊號
2026-07-31,ABEV,今日熱門,3.11,空手,,,空手觀望，尚未出現買進訊號
2026-07-31,SOFI,今日熱門,16.31,持倉中,16.48,-0.0102,續抱。浮動損益 -1.02%，目前停損價位約 $13.87
2026-07-31,RIVN,今日熱門,15.22,持倉中,17.48,-0.1293,續抱。浮動損益 -12.93%，目前停損價位約 $14.47
2026-07-31,MU,今日熱門,823.03,空手,,,空手觀望，尚未出現買進訊號
2026-07-31,AAL,今日熱門,15.27,持倉中,13.56,0.1260,續抱。浮動損益 12.60%，目前停損價位約 $13.38
2026-07-31,F,今日熱門,14.68,空手,,,空手觀望，尚未出現買進訊號
2026-07-31,NWL,今日熱門,5.60,持倉中,5.60,0.0000,買進訊號！建議投入資金比例約 9%（已計入滑價，實際成交約 $5.60）
2026-07-31,SKHY,今日熱門,143.73,空手,,,空手觀望，尚未出現買進訊號
2026-07-31,T,今日熱門,23.25,空手,,,空手觀望，尚未出現買進訊號
2026-07-31,NU,今日熱門,14.33,持倉中,13.88,0.0324,續抱。浮動損益 3.24%，目前停損價位約 $13.18
2026-07-31,PATH,今日熱門,12.76,持倉中,11.68,0.0925,續抱。浮動損益 9.25%，目前停損價位約 $10.29
2026-07-31,GOOGL,今日熱門,356.13,空手,,,空手觀望，尚未出現買進訊號
2026-07-31,KEEL,今日熱門,3.97,空手,,,空手觀望，尚未出現買進訊號
2026-07-31,AMC,今日熱門,2.82,持倉中,2.46,0.1458,續抱。浮動損益 14.58%，目前停損價位約 $2.10
2026-08-01,BTC-USD,追蹤清單,62793.00,持倉中,64422.86,-0.0253,續抱。浮動損益 -2.53%，目前停損價位約 $60743.20
2026-08-01,ETH-USD,追蹤清單,1846.26,持倉中,1898.12,-0.0273,續抱。浮動損益 -2.73%，目前停損價位約 $1768.37
2026-07-31,QQQ,追蹤清單,687.99,空手,,,空手觀望，尚未出現買進訊號
2026-07-31,AAPL,追蹤清單,308.91,持倉中,309.06,0.0000,買進訊號！建議投入資金比例約 21%（已計入滑價，實際成交約 $309.06）
2026-07-31,MSFT,追蹤清單,464.72,空手,,,空手觀望，尚未出現買進訊號
2026-07-31,XOM,追蹤清單,155.44,持倉中,157.05,-0.0102,續抱。浮動損益 -1.02%，目前停損價位約 $146.06
2026-07-31,PYPL,追蹤清單,57.21,持倉中,56.78,0.0075,續抱。浮動損益 0.75%，目前停損價位約 $52.13
2026-07-31,INTC,追蹤清單,90.20,空手,,,空手觀望，尚未出現買進訊號
2026-07-31,AAOI,moomoo清單,94.32,空手,,,空手觀望，尚未出現買進訊號
2026-07-31,GLW,moomoo清單,138.25,空手,,,空手觀望，尚未出現買進訊號
2026-07-31,DELL,moomoo清單,405.37,持倉中,404.59,0.0019,續抱。浮動損益 0.19%，目前停損價位約 $331.84
2026-07-31,AVGO,moomoo清單,389.28,空手,,,空手觀望，尚未出現買進訊號
2026-07-31,ARM,moomoo清單,239.69,空手,,,空手觀望，尚未出現買進訊號
2026-07-31,AMZN,今日熱門,271.58,空手,,,空手觀望，尚未出現買進訊號
2026-07-31,NVDA,今日熱門,200.75,空手,,,空手觀望，尚未出現買進訊號
2026-07-31,NOK,今日熱門,9.14,空手,,,空手觀望，尚未出現買進訊號
2026-07-31,RIG,今日熱門,5.32,空手,,,空手觀望，尚未出現買進訊號
2026-07-31,RBLX,今日熱門,35.60,持倉中,35.62,-0.0005,續抱。浮動損益 -0.05%，目前停損價位約 $24.73
2026-07-31,IREN,今日熱門,36.80,空手,,,空手觀望，尚未出現買進訊號
2026-07-31,ONDS,今日熱門,7.49,空手,,,空手觀望，尚未出現買進訊號
2026-07-31,SPCX,今日熱門,108.37,空手,,,空手觀望，尚未出現買進訊號
2026-07-31,ABEV,今日熱門,3.11,空手,,,空手觀望，尚未出現買進訊號
2026-07-31,SOFI,今日熱門,16.31,持倉中,16.48,-0.0102,續抱。浮動損益 -1.02%，目前停損價位約 $13.87
2026-07-31,RIVN,今日熱門,15.22,持倉中,17.48,-0.1293,續抱。浮動損益 -12.93%，目前停損價位約 $14.47
2026-07-31,MU,今日熱門,823.03,空手,,,空手觀望，尚未出現買進訊號
2026-07-31,AAL,今日熱門,15.27,持倉中,13.56,0.1260,續抱。浮動損益 12.60%，目前停損價位約 $13.38
2026-07-31,F,今日熱門,14.68,空手,,,空手觀望，尚未出現買進訊號
2026-07-31,NWL,今日熱門,5.60,持倉中,5.60,-0.0005,續抱。浮動損益 -0.05%，目前停損價位約 $4.32
2026-07-31,SKHY,今日熱門,143.73,空手,,,空手觀望，尚未出現買進訊號
2026-07-31,T,今日熱門,23.25,空手,,,空手觀望，尚未出現買進訊號
2026-07-31,NU,今日熱門,14.33,持倉中,13.88,0.0324,續抱。浮動損益 3.24%，目前停損價位約 $13.17
2026-07-31,PATH,今日熱門,12.76,持倉中,11.68,0.0925,續抱。浮動損益 9.25%，目前停損價位約 $10.29
2026-07-31,GOOGL,今日熱門,356.13,空手,,,空手觀望，尚未出現買進訊號
2026-07-31,KEEL,今日熱門,3.97,空手,,,空手觀望，尚未出現買進訊號
2026-07-31,AMC,今日熱門,2.82,持倉中,2.46,0.1458,續抱。浮動損益 14.58%，目前停損價位約 $2.10
2026-08-02,BTC-USD,追蹤清單,63323.90,持倉中,64422.86,-0.0171,續抱。浮動損益 -1.71%，目前停損價位約 $60676.60
2026-08-02,ETH-USD,追蹤清單,1878.56,持倉中,1898.12,-0.0103,續抱。浮動損益 -1.03%，目前停損價位約 $1762.31
2026-07-31,QQQ,追蹤清單,687.99,空手,,,空手觀望，尚未出現買進訊號
2026-07-31,AAPL,追蹤清單,308.91,持倉中,309.06,-0.0005,續抱。浮動損益 -0.05%，目前停損價位約 $279.20
2026-07-31,MSFT,追蹤清單,464.72,空手,,,空手觀望，尚未出現買進訊號
2026-07-31,XOM,追蹤清單,155.44,持倉中,157.05,-0.0102,續抱。浮動損益 -1.02%，目前停損價位約 $146.06
2026-07-31,PYPL,追蹤清單,57.21,持倉中,56.78,0.0075,續抱。浮動損益 0.75%，目前停損價位約 $52.13
2026-07-31,INTC,追蹤清單,90.20,空手,,,空手觀望，尚未出現買進訊號
2026-07-31,AAOI,moomoo清單,94.32,空手,,,空手觀望，尚未出現買進訊號
2026-07-31,GLW,moomoo清單,138.25,空手,,,空手觀望，尚未出現買進訊號
2026-07-31,DELL,moomoo清單,405.37,持倉中,404.59,0.0019,續抱。浮動損益 0.19%，目前停損價位約 $331.84
2026-07-31,AVGO,moomoo清單,389.28,空手,,,空手觀望，尚未出現買進訊號
2026-07-31,ARM,moomoo清單,239.69,空手,,,空手觀望，尚未出現買進訊號
2026-07-31,NVDA,今日熱門,200.75,空手,,,空手觀望，尚未出現買進訊號
2026-07-31,AMZN,今日熱門,271.58,空手,,,空手觀望，尚未出現買進訊號
2026-07-31,NOK,今日熱門,9.14,空手,,,空手觀望，尚未出現買進訊號
2026-07-31,IREN,今日熱門,36.80,空手,,,空手觀望，尚未出現買進訊號
2026-07-31,RBLX,今日熱門,35.60,持倉中,35.62,-0.0005,續抱。浮動損益 -0.05%，目前停損價位約 $24.73
2026-07-31,RIG,今日熱門,5.32,空手,,,空手觀望，尚未出現買進訊號
2026-07-31,ONDS,今日熱門,7.49,空手,,,空手觀望，尚未出現買進訊號
2026-07-31,SPCX,今日熱門,108.37,空手,,,空手觀望，尚未出現買進訊號
2026-07-31,T,今日熱門,23.25,空手,,,空手觀望，尚未出現買進訊號
2026-07-31,ABEV,今日熱門,3.11,空手,,,空手觀望，尚未出現買進訊號
2026-07-31,SOFI,今日熱門,16.31,持倉中,16.48,-0.0102,續抱。浮動損益 -1.02%，目前停損價位約 $13.87
2026-07-31,F,今日熱門,14.68,空手,,,空手觀望，尚未出現買進訊號
2026-07-31,MU,今日熱門,823.03,空手,,,空手觀望，尚未出現買進訊號
2026-07-31,RIVN,今日熱門,15.22,持倉中,17.48,-0.1293,續抱。浮動損益 -12.93%，目前停損價位約 $14.47
2026-07-31,AAL,今日熱門,15.27,持倉中,13.56,0.1260,續抱。浮動損益 12.60%，目前停損價位約 $13.38
2026-07-31,NU,今日熱門,14.33,持倉中,13.88,0.0324,續抱。浮動損益 3.24%，目前停損價位約 $13.17
2026-07-31,GOOGL,今日熱門,356.13,空手,,,空手觀望，尚未出現買進訊號
2026-07-31,SKHY,今日熱門,143.73,空手,,,空手觀望，尚未出現買進訊號
2026-07-31,NWL,今日熱門,5.60,持倉中,5.60,-0.0005,續抱。浮動損益 -0.05%，目前停損價位約 $4.32
2026-07-31,GRAB,今日熱門,3.50,持倉中,3.57,-0.0201,續抱。浮動損益 -2.01%，目前停損價位約 $3.15
2026-07-31,PATH,今日熱門,12.76,持倉中,11.68,0.0925,續抱。浮動損益 9.25%，目前停損價位約 $10.29
2026-08-03,BTC-USD,追蹤清單,63508.14,持倉中,64422.86,-0.0142,續抱。浮動損益 -1.42%，目前停損價位約 $60706.08
2026-08-03,ETH-USD,追蹤清單,1856.13,持倉中,1898.12,-0.0221,續抱。浮動損益 -2.21%，目前停損價位約 $1765.93
2026-08-03,QQQ,追蹤清單,700.07,空手,,,空手觀望，尚未出現買進訊號
2026-08-03,AAPL,追蹤清單,303.42,持倉中,309.06,-0.0183,續抱。浮動損益 -1.83%，目前停損價位約 $278.38
2026-08-03,MSFT,追蹤清單,487.65,空手,,,空手觀望，尚未出現買進訊號
2026-08-03,XOM,追蹤清單,155.06,持倉中,157.05,-0.0127,續抱。浮動損益 -1.27%，目前停損價位約 $145.82
2026-08-03,PYPL,追蹤清單,57.87,持倉中,56.78,0.0191,續抱。浮動損益 1.91%，目前停損價位約 $52.17
2026-08-03,INTC,追蹤清單,91.00,空手,,,空手觀望，尚未出現買進訊號
2026-08-03,AAOI,moomoo清單,110.21,空手,,,空手觀望，尚未出現買進訊號
2026-08-03,GLW,moomoo清單,146.64,空手,,,空手觀望，尚未出現買進訊號
2026-08-03,DELL,moomoo清單,429.02,持倉中,404.59,0.0604,續抱。浮動損益 6.04%，目前停損價位約 $330.57
2026-08-03,AVGO,moomoo清單,392.23,空手,,,空手觀望，尚未出現買進訊號
2026-08-03,ARM,moomoo清單,239.06,空手,,,空手觀望，尚未出現買進訊號
2026-08-03,NVDA,今日熱門,206.64,空手,,,空手觀望，尚未出現買進訊號
2026-08-03,AMZN,今日熱門,284.02,空手,,,空手觀望，尚未出現買進訊號
2026-08-03,SNAP,今日熱門,5.04,空手,,,空手觀望，尚未出現買進訊號
2026-08-03,SOFI,今日熱門,18.03,持倉中,16.48,0.0942,續抱。浮動損益 9.42%，目前停損價位約 $15.20
2026-08-03,AMC,今日熱門,2.85,持倉中,2.46,0.1580,續抱。浮動損益 15.80%，目前停損價位約 $2.11
2026-08-03,SPCX,今日熱門,114.53,空手,,,空手觀望，尚未出現買進訊號
2026-08-03,PLTR,今日熱門,125.65,空手,,,空手觀望，尚未出現買進訊號
2026-08-03,NOK,今日熱門,9.36,空手,,,空手觀望，尚未出現買進訊號
2026-08-03,GRAB,今日熱門,3.67,持倉中,3.57,0.0275,續抱。浮動損益 2.75%，目前停損價位約 $3.25
2026-08-03,ONDS,今日熱門,8.37,空手,,,空手觀望，尚未出現買進訊號
2026-08-03,AAL,今日熱門,16.04,持倉中,13.56,0.1827,續抱。浮動損益 18.27%，目前停損價位約 $13.90
2026-08-03,PLUG,今日熱門,2.08,空手,,,空手觀望，尚未出現買進訊號
2026-08-03,ORCL,今日熱門,141.85,空手,,,空手觀望，尚未出現買進訊號
2026-08-03,T,今日熱門,23.59,空手,,,空手觀望，尚未出現買進訊號
2026-08-03,CRWV,今日熱門,85.76,空手,,,空手觀望，尚未出現買進訊號
2026-08-03,GME,今日熱門,19.06,空手,,,空手觀望，尚未出現買進訊號
2026-08-03,MU,今日熱門,829.50,空手,,,空手觀望，尚未出現買進訊號
2026-08-03,PATH,今日熱門,13.05,持倉中,11.68,0.1173,續抱。浮動損益 11.73%，目前停損價位約 $10.68
2026-08-03,IREN,今日熱門,39.75,空手,,,空手觀望，尚未出現買進訊號
2026-08-03,ABEV,今日熱門,3.05,空手,,,空手觀望，尚未出現買進訊號
2026-08-03,WULF,今日熱門,18.83,空手,,,空手觀望，尚未出現買進訊號
2026-08-03,OWL,今日熱門,11.16,持倉中,11.17,0.0000,買進訊號！建議投入資金比例約 18%（已計入滑價，實際成交約 $11.17）
2026-08-04,BTC-USD,追蹤清單,64342.42,持倉中,64422.86,-0.0012,續抱。浮動損益 -0.12%，目前停損價位約 $60864.98
2026-08-04,ETH-USD,追蹤清單,1875.68,持倉中,1898.12,-0.0118,續抱。浮動損益 -1.18%，目前停損價位約 $1769.63
2026-08-04,QQQ,追蹤清單,723.85,空手,,,空手觀望，尚未出現買進訊號
2026-08-04,AAPL,追蹤清單,309.38,持倉中,309.06,0.0010,續抱。浮動損益 0.10%，目前停損價位約 $279.87
2026-08-04,MSFT,追蹤清單,492.81,持倉中,493.06,0.0000,買進訊號！建議投入資金比例約 18%（已計入滑價，實際成交約 $493.06）
2026-08-04,XOM,追蹤清單,153.96,持倉中,157.05,-0.0197,續抱。浮動損益 -1.97%，目前停損價位約 $145.19
2026-08-04,PYPL,追蹤清單,58.54,持倉中,56.78,0.0309,續抱。浮動損益 3.09%，目前停損價位約 $53.89
2026-08-04,INTC,追蹤清單,100.86,空手,,,空手觀望，尚未出現買進訊號
2026-08-04,AAOI,moomoo清單,131.63,空手,,,空手觀望，尚未出現買進訊號
2026-08-04,GLW,moomoo清單,159.89,空手,,,空手觀望，尚未出現買進訊號
2026-08-04,DELL,moomoo清單,467.27,持倉中,404.59,0.1549,續抱。浮動損益 15.49%，目前停損價位約 $360.77
2026-08-04,AVGO,moomoo清單,418.16,空手,,,空手觀望，尚未出現買進訊號
2026-08-04,ARM,moomoo清單,280.56,空手,,,空手觀望，尚未出現買進訊號
2026-08-04,PLTR,今日熱門,162.66,空手,,,空手觀望，尚未出現買進訊號
2026-08-04,SPCX,今日熱門,125.33,空手,,,空手觀望，尚未出現買進訊號
2026-08-04,GRAB,今日熱門,3.72,持倉中,3.57,0.0415,續抱。浮動損益 4.15%，目前停損價位約 $3.26
2026-08-04,NVDA,今日熱門,211.94,空手,,,空手觀望，尚未出現買進訊號
2026-08-04,NOK,今日熱門,9.92,空手,,,空手觀望，尚未出現買進訊號
2026-08-04,SNAP,今日熱門,5.79,空手,,,空手觀望，尚未出現買進訊號
2026-08-04,ONDS,今日熱門,8.86,空手,,,空手觀望，尚未出現買進訊號
2026-08-04,AMZN,今日熱門,277.42,空手,,,空手觀望，尚未出現買進訊號
2026-08-04,PATH,今日熱門,14.10,持倉中,11.68,0.2072,續抱。浮動損益 20.72%，目前停損價位約 $11.60
2026-08-04,CIFR,今日熱門,20.38,空手,20.55,-0.0088,賣出訊號！原因：均線死亡交叉，這筆交易報酬約 -0.88%（已計入滑價）
2026-08-04,AAL,今日熱門,16.56,持倉中,13.56,0.2211,續抱。浮動損益 22.11%，目前停損價位約 $14.38
2026-08-04,SOFI,今日熱門,18.70,持倉中,16.48,0.1348,續抱。浮動損益 13.48%，目前停損價位約 $15.99
2026-08-04,EA,今日熱門,209.70,持倉中,209.80,0.0000,買進訊號！建議投入資金比例約 100%（已計入滑價，實際成交約 $209.80）
2026-08-04,SMCI,今日熱門,31.69,空手,,,空手觀望，尚未出現買進訊號
2026-08-04,CMG,今日熱門,33.82,持倉中,33.84,0.0000,買進訊號！建議投入資金比例約 13%（已計入滑價，實際成交約 $33.84）
2026-08-04,PFE,今日熱門,25.41,空手,,,空手觀望，尚未出現買進訊號
2026-08-04,F,今日熱門,14.24,空手,,,空手觀望，尚未出現買進訊號
2026-08-04,PLUG,今日熱門,2.16,空手,,,空手觀望，尚未出現買進訊號
2026-08-04,NVO,今日熱門,44.28,持倉中,44.30,0.0000,買進訊號！建議投入資金比例約 17%（已計入滑價，實際成交約 $44.30）
2026-08-04,OPEN,今日熱門,4.12,空手,,,空手觀望，尚未出現買進訊號
2026-08-04,NU,今日熱門,14.33,持倉中,13.88,0.0324,續抱。浮動損益 3.24%，目前停損價位約 $13.24
2026-08-04,T,今日熱門,23.38,空手,,,空手觀望，尚未出現買進訊號
2026-08-04,AMC,今日熱門,2.68,持倉中,2.46,0.0889,續抱。浮動損益 8.89%，目前停損價位約 $2.09
2026-08-05,BTC-USD,追蹤清單,64611.89,持倉中,64422.86,0.0029,續抱。浮動損益 0.29%，目前停損價位約 $60858.92
2026-08-05,ETH-USD,追蹤清單,1907.10,持倉中,1898.12,0.0047,續抱。浮動損益 0.47%，目前停損價位約 $1765.17
2026-08-05,QQQ,追蹤清單,717.30,空手,,,空手觀望，尚未出現買進訊號
2026-08-05,AAPL,追蹤清單,311.00,持倉中,309.06,0.0063,續抱。浮動損益 0.63%，目前停損價位約 $281.89
2026-08-05,MSFT,追蹤清單,487.46,持倉中,493.06,-0.0114,續抱。浮動損益 -1.14%，目前停損價位約 $439.32
2026-08-05,XOM,追蹤清單,151.63,持倉中,157.05,-0.0345,續抱。浮動損益 -3.45%，目前停損價位約 $144.86
2026-08-05,PYPL,追蹤清單,57.93,持倉中,56.78,0.0202,續抱。浮動損益 2.02%，目前停損價位約 $54.08
2026-08-05,INTC,追蹤清單,101.06,空手,,,空手觀望，尚未出現買進訊號
2026-08-05,AAOI,moomoo清單,128.56,空手,,,空手觀望，尚未出現買進訊號
2026-08-05,GLW,moomoo清單,156.70,空手,,,空手觀望，尚未出現買進訊號
2026-08-05,DELL,moomoo清單,462.70,持倉中,404.59,0.1436,續抱。浮動損益 14.36%，目前停損價位約 $359.94
2026-08-05,AVGO,moomoo清單,418.28,空手,,,空手觀望，尚未出現買進訊號
2026-08-05,ARM,moomoo清單,274.58,空手,,,空手觀望，尚未出現買進訊號
2026-08-05,SPCX,今日熱門,108.27,空手,,,空手觀望，尚未出現買進訊號
2026-08-05,NVDA,今日熱門,219.22,空手,,,空手觀望，尚未出現買進訊號
2026-08-05,ONDS,今日熱門,8.87,空手,,,空手觀望，尚未出現買進訊號
2026-08-05,PATH,今日熱門,13.82,持倉中,11.68,0.1832,續抱。浮動損益 18.32%，目前停損價位約 $11.64
2026-08-05,SNAP,今日熱門,5.33,空手,,,空手觀望，尚未出現買進訊號
2026-08-05,NOK,今日熱門,9.58,空手,,,空手觀望，尚未出現買進訊號
2026-08-05,GRAB,今日熱門,3.74,持倉中,3.57,0.0471,續抱。浮動損益 4.71%，目前停損價位約 $3.28
2026-08-05,OPEN,今日熱門,3.76,空手,,,空手觀望，尚未出現買進訊號
2026-08-05,NU,今日熱門,14.48,持倉中,13.88,0.0432,續抱。浮動損益 4.32%，目前停損價位約 $13.24
2026-08-05,SOFI,今日熱門,18.25,持倉中,16.48,0.1075,續抱。浮動損益 10.75%，目前停損價位約 $16.00
2026-08-05,T,今日熱門,23.06,空手,,,空手觀望，尚未出現買進訊號
2026-08-05,PLTR,今日熱門,158.43,空手,,,空手觀望，尚未出現買進訊號
2026-08-05,ABEV,今日熱門,3.03,空手,,,空手觀望，尚未出現買進訊號
2026-08-05,CDE,今日熱門,17.43,空手,,,空手觀望，尚未出現買進訊號
2026-08-04,EA,今日熱門,209.70,持倉中,209.80,-0.0005,續抱。浮動損益 -0.05%，目前停損價位約 $208.02
2026-08-05,UBER,今日熱門,68.18,空手,,,空手觀望，尚未出現買進訊號
2026-08-05,AAL,今日熱門,16.58,持倉中,13.56,0.2226,續抱。浮動損益 22.26%，目前停損價位約 $14.45
2026-08-05,HL,今日熱門,16.54,空手,,,空手觀望，尚未出現買進訊號
2026-08-05,AMD,今日熱門,482.05,持倉中,482.29,0.0000,買進訊號！建議投入資金比例約 8%（已計入滑價，實際成交約 $482.29）
2026-08-05,GOOGL,今日熱門,362.43,空手,,,空手觀望，尚未出現買進訊號
2026-08-05,SHOP,今日熱門,144.24,持倉中,144.31,0.0000,買進訊號！建議投入資金比例約 12%（已計入滑價，實際成交約 $144.31）
2026-08-05,FIG,今日熱門,28.15,持倉中,28.16,0.0000,買進訊號！建議投入資金比例約 10%（已計入滑價，實際成交約 $28.16）
2026-08-05,CPNG,今日熱門,16.00,空手,,,空手觀望，尚未出現買進訊號
2026-08-07,BTC-USD,追蹤清單,64365.49,持倉中,64422.86,-0.0009,續抱。浮動損益 -0.09%，目前停損價位約 $61120.86
2026-08-07,ETH-USD,追蹤清單,1903.69,持倉中,1898.12,0.0029,續抱。浮動損益 0.29%，目前停損價位約 $1778.21
2026-08-06,QQQ,追蹤清單,714.65,空手,,,空手觀望，尚未出現買進訊號
2026-08-06,AAPL,追蹤清單,312.41,持倉中,309.06,0.0108,續抱。浮動損益 1.08%，目前停損價位約 $283.07
2026-08-06,MSFT,追蹤清單,499.86,持倉中,493.06,0.0138,續抱。浮動損益 1.38%，目前停損價位約 $445.85
2026-08-06,XOM,追蹤清單,154.84,持倉中,157.05,-0.0141,續抱。浮動損益 -1.41%，目前停損價位約 $145.03
2026-08-06,PYPL,追蹤清單,59.78,持倉中,56.78,0.0527,續抱。浮動損益 5.27%，目前停損價位約 $55.24
2026-08-06,INTC,追蹤清單,99.81,空手,,,空手觀望，尚未出現買進訊號
2026-08-06,AAOI,moomoo清單,124.22,空手,,,空手觀望，尚未出現買進訊號
2026-08-06,GLW,moomoo清單,157.18,空手,,,空手觀望，尚未出現買進訊號
2026-08-06,DELL,moomoo清單,437.65,持倉中,404.59,0.0817,續抱。浮動損益 8.17%，目前停損價位約 $360.42
2026-08-06,AVGO,moomoo清單,420.57,空手,,,空手觀望，尚未出現買進訊號
2026-08-06,ARM,moomoo清單,286.68,空手,,,空手觀望，尚未出現買進訊號
2026-08-06,SPCX,今日熱門,114.92,空手,,,空手觀望，尚未出現買進訊號
2026-08-06,NVDA,今日熱門,218.99,空手,,,空手觀望，尚未出現買進訊號
2026-08-06,SOUN,今日熱門,7.08,空手,,,空手觀望，尚未出現買進訊號
2026-08-06,PATH,今日熱門,14.00,持倉中,11.68,0.1986,續抱。浮動損益 19.86%，目前停損價位約 $11.54
2026-08-06,IOVA,今日熱門,6.21,持倉中,4.74,0.3101,續抱。浮動損益 31.01%，目前停損價位約 $4.78
2026-08-06,ONDS,今日熱門,8.74,空手,,,空手觀望，尚未出現買進訊號
2026-08-06,CDE,今日熱門,15.65,空手,,,空手觀望，尚未出現買進訊號
2026-08-06,F,今日熱門,13.79,空手,,,空手觀望，尚未出現買進訊號
2026-08-06,FIG,今日熱門,23.97,持倉中,28.16,-0.1489,續抱。浮動損益 -14.89%，目前停損價位約 $21.80
2026-08-06,AAL,今日熱門,16.03,持倉中,13.56,0.1820,續抱。浮動損益 18.20%，目前停損價位約 $14.45
2026-08-05,EA,今日熱門,209.70,持倉中,209.80,-0.0005,續抱。浮動損益 -0.05%，目前停損價位約 $206.94
2026-08-06,PLUG,今日熱門,2.07,空手,,,空手觀望，尚未出現買進訊號
2026-08-06,JOBY,今日熱門,8.23,空手,,,空手觀望，尚未出現買進訊號
2026-08-06,TTD,今日熱門,17.67,空手,,,空手觀望，尚未出現買進訊號
2026-08-06,NOK,今日熱門,9.43,空手,,,空手觀望，尚未出現買進訊號
2026-08-06,SOFI,今日熱門,18.10,持倉中,16.48,0.0984,續抱。浮動損益 9.84%，目前停損價位約 $16.11
2026-08-06,PFE,今日熱門,26.20,空手,,,空手觀望，尚未出現買進訊號
2026-08-06,OPEN,今日熱門,3.44,空手,,,空手觀望，尚未出現買進訊號
2026-08-06,RIG,今日熱門,5.16,空手,,,空手觀望，尚未出現買進訊號
2026-08-06,CELH,今日熱門,23.77,空手,,,空手觀望，尚未出現買進訊號
2026-08-06,NU,今日熱門,14.12,持倉中,13.88,0.0173,續抱。浮動損益 1.73%，目前停損價位約 $13.24
2026-08-06,U,今日熱門,40.81,持倉中,40.83,0.0000,買進訊號！建議投入資金比例約 12%（已計入滑價，實際成交約 $40.83）
2026-08-06,T,今日熱門,23.71,空手,,,空手觀望，尚未出現買進訊號
2026-08-06,PLTR,今日熱門,155.92,持倉中,156.00,0.0000,買進訊號！建議投入資金比例約 12%（已計入滑價，實際成交約 $156.00）
